Codigo;Nombre_x;Ciudad;Categoria;Activo;Vendedor;Barrio;DiaVisita;Latitud;Longitud;Nombre_y;Nombre
1000;TIENDA ÉRICA MARCELA;SAHAGUN;;1;101014.0;;;8.969.452;-7.502.981;;
1001;TIENDA EMILIA;SAHAGUN;;1;101014.0;;;8.936.401;-75.065.346;;
1002;TIENDA DULCERÍA EL MILAGRO;SAHAGUN;;1;101014.0;;;8.955.382;-75.048.222;;
1003;TIENDA CHECHO;SAHAGUN;;1;101014.0;;;8.927.272;-75.045.471;;
1004;TIENDA DAVO;SAHAGUN;;1;101014.0;SANTA LUCIA;;89.304.932;-754.426.526;TIENDA DAVO;
1005;PANADERÍA GENESIS;SAHAGUN;;1;101014.0;;;8.934.109;-75.037.104;;
1006;TIENDA LA COSTEÑA;SAHAGUN;;1;101014.0;VENECIA;;89.338.636;-754.487.204;TIENDA LA COSTEÑA;
1007;TIENDA CANDI SHOC;SAHAGUN;;1;101014.0;;;8.948.506;-75.060.987;;
1008;TIENDA EL ÉXITO;SAHAGUN;;1;101014.0;;;8.969.649;-75.031.473;;
1009;TIENDA JESUS REDENTOR;SAHAGUN;;1;101014.0;;;8.968.145;-75.025.489;;
2127;MI HERMANO Y YO ;;;1;101014.0;;;8.951.065;-75.024.136;;
2134;LA TIENDECITA;;;1;101014.0;;;8.925.595;-75.060.431;;
2135;EL DUQUE;;;1;101014.0;;;8.923.431;-75.053.963;;
2136;NORMA;;;1;101014.0;;;8.940.604;-75.056.663;;
2137;BENDICION HD;;;1;101014.0;;;8.962.607;-75.052.392;;
2140;COOPERATIVA LA NUEVA;;;1;101014.0;VENECIA;;89.380.411;-754.485.903;COOPERATIVA LA NUEVA;
2141;YAMPY;;;1;101014.0;;;8.928.216;-7.503.012;;
2142;TAMALANDIA;;;1;101014.0;;;8.924.898;-75.020.886;;
2143;M.A;;;1;101014.0;;;8.959.782;-75.060.294;;
2144;CASIQUE;;;1;101014.0;;;8.921.446;-75.029.457;;
2145;LA FLACA;;;1;101014.0;;;8.956.513;-7.503.378;;
2146;NUEVA VIDA;;;1;101014.0;;;8.959.734;-75.066.528;;
2147;LA FE;;;1;101014.0;;;8.939.093;-75.064.437;;
2148;DONDE ALEJO;;;1;101014.0;ISLAS DE CAPRI;;89.562.483;-754.550.692;DONDE ALEJO;
2149;LA BENDICION ;;;1;101014.0;EL PRADO;;89.413.671;-754.422.428;LA BENDICION;
2150;LOS HERMANOS ;;;1;101014.0;;;8.936.719;-75.053.971;;
2151;LA 17 CON 1;;;1;101014.0;MAMONAL;;89.543.135;-754.519.189;LA 17 CON 1;
2152;SAHAGUN SALUD;;;1;101014.0;;;8.965.531;-75.046.619;;
2153;VARIEDADES JAIME;;;1;101014.0;;;892.715;-75.034.568;;
2154;PARQUESITO;;;1;101014.0;;;8.959.209;-75.042.166;;
2155;JORDAN;;;1;101014.0;;;8.959.718;-7.504.554;;
2156;YULI;;;1;101014.0;;;8.947.307;-75.048.853;;
2157;PAN ARTE;;;1;101014.0;SAN ROQUE;Miércoles;89.447.731;-754.375.074;PAN ARTE;
2158;DROGUERIA AZUL;;;1;101014.0;;;8.922.441;-75.064.835;;
2159;C Y M;;;1;101014.0;;;8.922.741;-75.038.409;;
2160;LA NEGRA;;;1;101014.0;;;8.936.888;-75.044.801;;
2247;TIENDA DAVID COOL;;;1;101014.0;;;8.966.548;-75.057.765;;
2248;TIENDA OSCAR PANTOJA;;;1;101014.0;;;8.941.689;-75.032.452;;
2249;TIENDA LA BENDICION DE DIOS;;;1;101014.0;LAS AMERICAS;;89.490.625;-75.454.401;TIENDA LA BENDICION DE DIOS;
2250;TIENDA LA 26;;;1;101014.0;SIMON BOLIVAR;Jueves;89.592.492;-754.465.625;TIENDA LA 26;
2251;TIENDA D y M;;;1;101014.0;;;8.935.658;-75.062.169;;
2252;TIENDA AMISTAD;;;1;101014.0;;;8.967.655;-75.029.824;;
2253;TIENDA ECONOMIA ;;;1;101014.0;;;895.284;-75.026.657;;
2260;BUEN PUNTO;;;1;101014.0;;;8.961.354;-75.060.901;;
2261;DROGUERIA JAG;;;1;101014.0;;;8.965.798;-75.043.263;;
2262;COPIAS JOE;;;1;101014.0;;;8.961.542;-75.025.425;;
2263;TIENDA MARIO ;;;1;101014.0;SIMON BOLIVAR;Jueves;89.591.548;-754.463.527;TIENDA MARIO;
2264;TIENDA CAFÉ TOCUBA;;;1;101014.0;;;893.707;-75.064.727;;
2265;NO HAY COMO DIOS;;;1;101014.0;;;8.932.567;-75.048.875;;
2266;TIENDA BRISA;;;1;101014.0;;;8.962.071;-75.027.193;;
2267;M y P;;;1;101014.0;;;8.921.518;-75.044.693;;
2268;DA2;;;1;101014.0;;;8.942.041;-75.059.125;;
2269;LOLA#3;;;1;101014.0;;;8.927.163;-75.053.349;;
2270;ANGELA ;;;1;101014.0;;;8.968.315;-7.505.407;;
2271;LOLA#1;;;1;101014.0;;;894.711;-75.035.079;;
2272;LA BENDICION;;;1;101014.0;EL PRADO;;89.413.671;-754.422.428;LA BENDICION;
2273;LA BENDICION DE DIOS ;;;1;101014.0;MAMONAL;Miércoles;89.547.408;-754.533.559;LA BENDICION DE DIOS;
2274;EL VECI;;;1;101014.0;MAMONAL;;89.530.639;-754.528.218;EL VECI;
2275;SALUD FARMACIA;;;1;101014.0;;;8.946.032;-75.055.186;;
2276;SOBRE LA ROCA;;;1;101014.0;;;8.935.412;-75.068.386;;
2277;PAPELERIA HEISEL;;;1;101014.0;;;8.951.648;-75.045.096;;
2278;LA FE;;;1;101014.0;;;8.923.744;-75.056.298;;
2279;PASTO VERDE;;;1;101014.0;;;8.966.583;-75.058.252;;
2280;T LA FE;;;1;101014.0;;;8.928.415;-75.045.757;;
2281;DROGUERIA LA 14;;;1;101014.0;CENTENARIO;;89.484.898;-754.472.023;DROGUERIA LA 14;
2282;MI HERMANO Y YO ;;;1;101014.0;;;8.954.777;-75.032.149;;
2283;DROGUERIA SyG;;;1;101014.0;;;8.933.052;-75.033.819;;
2284;UNIFARMA;;;1;101014.0;;;8.939.559;-75.038.615;;
2285;R y V;;;1;101014.0;;;8.952.846;-75.043.441;;
2286;BUENA VISTA;;;1;101014.0;;;8.925.684;-75.028.465;;
2287;CAFETERIA LA 14;;;1;101014.0;BOSQUE CENTRO;;89.483.308;-754.467.151;CAFETERIA LA 14;
2290;MICHELADA COLME;;;1;101014.0;;;8.923.209;-75.040.685;;
2330;PANADERIA LA TRONCAL;;;1;101014.0;;;8.955.048;-75.069.401;;
2331;TIENDA SANTANDER ;;;1;101014.0;ISLAS DE CAPRI;;89.554.323;-754.582.758;TIENDA SANTANDER;
2332;PANADERIA PAISA PAN ;;;1;101014.0;;;8.953.429;-75.061.512;;
2339;TIENDA LA VICTORIA ;;;1;101014.0;LAS AMERICAS;;89.517.832;-754.544.264;TIENDA LA VICTORIA;
2341;RINCONSITO ZULIANA;;;1;101014.0;;;8.968.006;-75.063.354;;
2347;DROGUERIA EL MANANTIAL ;;;1;101014.0;;;8.938.223;-75.064.556;;
2399;CAFETERIA  LICEO ;;;1;101014.0;;;8.967.405;-75.026.363;;
2400;CAFETERIA CORAZON DE JESUS ;;;1;101014.0;;;8.934.067;-75.037.231;;
2401;CAFETERIA ANEXA ;;;1;101014.0;;;8.962.031;-7.504.247;;
2402;CAFETERIA NORMAL SUPERIOR;;;1;101014.0;;;8.947.653;-75.058.137;;
2403;CAFETERIA SAN JOSE ;;;1;101014.0;;;8.925.825;-75.025.369;;
2404;PANADERIA DULSE PAN ;;;1;101014.0;;;8.966.191;-75.038.575;;
2405;TIENDA EL GUGU ;;;1;101014.0;;;8.938.121;-7.505.277;;
2406;TIENDA MAMONAL ;;;1;101014.0;;;8.957.468;-75.025.374;;
2407;JEHOVA YIRETH;;;1;101014.0;;;8.965.524;-75.031.236;;
2408;T EL DEPORTIVO;;;1;101014.0;;;8.953.272;-75.066.023;;
2409;VERDURAS LA CENTRAL;;;1;101014.0;;;8.929.251;-75.025.302;;
2410;KIOSCO ANA ;;;1;101014.0;;;8.951.491;-7.506.977;;
2411;T LA ESQUINA ;;;1;101014.0;;;8.926.244;-75.037.055;;
2414;PANADERIA PAN PRIMO;SAHAGUN;;1;101014.0;BOSQUE CENTRO;;89.478.804;-754.458.233;PANADERIA PAN PRIMO;
2415;TIENDA DONDE PELLO;SAHAGUN;;1;101014.0;;;8.948.606.999.999.990;-75.035.635;;
2416;TIENDA EL JUNIOR;SAHAGUN;;1;101014.0;;;8.953.768;-75.059.017;;
2417;SUPER TIENDA Y HELADERIA ESCARCHA;SAHAGUN;;1;101014.0;;;8.956.779;-75.058.368;;
2418;TIENDA LA CRUZ;SAHAGUN;;1;101014.0;LA CRUZ;;89.399.555;-754.436.772;TIENDA LA CRUZ;
2419;TIENDA EL MANE;SAHAGUN;;1;101014.0;;;8.953.652;-75.027.769;;
2420;RESTAURANTE LA CUCHARA LIBIA;SAHAGUN;;1;101014.0;;;8.954.051;-75.041.815;;
2421;KIOSCO AZUL;SAHAGUN;;1;101014.0;;;8.925.854;-75.051.844;;
2422;TIENDA J Y H;SAHAGUN;;1;101014.0;;;893.443;-75.058.031;;
2423;RESTAURANTE EL VIEJO BAUL;SAHAGUN;;1;101014.0;;;8.969.821;-75.050.575;;
2424;TIENDA LA BENDICIÓN;SAHAGUN;;1;101014.0;;;8.965.772;-75.038.673;;
2425;TIENDA J.J;SAHAGUN;;1;101014.0;;;8.960.911;-75.045.098;;
2426;TIENDA EL POBRE DANI;SAHAGUN;;1;101014.0;;;8.950.015;-75.045.604;;
2427;TIENDA DIOS ES AMOR;SAHAGUN;;1;101014.0;EL TRIUNFO;;89.264.604;-754.473.038;TIENDA DIOS ES AMOR;
2428;TIENDA EL FLACO;SAHAGUN;;1;101014.0;EL TRIUNFO;;89.273.692;-754.472.341;TIENDA EL FLACO;
2429;TIENDA ROSARIO;SAHAGUN;;1;101014.0;EL TRIUNFO;;89.272.483;-754.467.828;TIENDA ROSARIO;
2430;TIENDA DEYANIRA;SAHAGUN;;1;101014.0;;;8.968.193;-75.022.534;;
2431;TIENDA LA AMERICANA;SAHAGUN;;1;101014.0;;;8.966.913;-75.051.722;;
2432;TIENDA LA BENDICIÓN;SAHAGUN;;1;101014.0;;;8.921.943;-75.023.814;;
2433;SUPERTIENDA LA BENDICIÓN;SAHAGUN;;1;101014.0;;;8.942.579;-75.021.897;;
2434;VARIEDADES MARTA;SAHAGUN;;1;101014.0;RANCHERIA;;89.039.857;-754.519.407;VARIEDADES MARTA;
2435;TIENDA LOS VECINOS;SAHAGUN;;1;101014.0;RANCHERIA;;89.038.251;-754.521.506;TIENDA LOS VECINOS;
2436;TIENDA EYLI;SAHAGUN;;1;101014.0;;;8.963.727;-75.054.384;;
2437;TIENDA NIÑA VALE;SAHAGUN;;1;101014.0;;;8.929.645;-7.504.239;;
2438;TIENDA RUBIELA;SAHAGUN;;1;101014.0;;;8.967.978;-75.035.429;;
2439;TIENDA J. ALEJANDRO;SAHAGUN;;1;101014.0;;;8.949.673;-75.065.371;;
2440;TIENDA LOS PIMIENTO;SAHAGUN;;1;101014.0;;;895.192;-75.020.727;;
2441;TIENDA LOS TOTUMOS;SAHAGUN;;1;101014.0;RANCHERIA;;89.067.055;-754.503.609;TIENDA LOS TOTUMOS;
2442;TIENDA EL CAMPITO;SAHAGUN;;1;101014.0;;;8.965.038.999.999.990;-75.033.192;;
2443;TIENDA MERCAECONOMIA # 2;SAHAGUN;;1;101014.0;;;8.956.021;-75.035.106;;
2444;SAI BLANCA;SAHAGUN;;1;101014.0;RANCHERIA;;89.070.278;-754.480.284;SAI BLANCA;
2445;KIOSCO EL OLIVO;SAHAGUN;;1;101014.0;;;8.961.638;-75.029.724;;
2446;TIENDA MERCAECONOMIA LAZ;SAHAGUN;;1;101014.0;;;8.964.524;-75.024.568;;
2447;TIENDA LA PANTERA;SAHAGUN;;1;101014.0;;;8.946.737;-75.045.154;;
2448;TIENDA RODRIGO;SAHAGUN;;1;101014.0;BRISAS;;89.100.589;-754.450.934;TIENDA RODRIGO;
2449;TIENDA LA 10;SAHAGUN;;1;101014.0;;;8.956.268;-7.503.044;;
2450;TIENDA EL PEYO;SAHAGUN;;1;101014.0;;;896.567;-7.505.333;;
2451;TIENDA DAMARIS;SAHAGUN;;1;101014.0;;;8.939.949;-75.065.531;;
2452;TIENDA SAN JOSE;SAHAGUN;;1;101014.0;SAN JOSE;Jueves;89.567.246;-754.476.133;TIENDA SAN JOSE;
2452;TIENDA SAN JOSE;SAHAGUN;;1;101014.0;SAN JOSE;Jueves;89.567.246;-754.476.133;TIENDA SAN JOSE;
2453;TIENDA DON FIDEL;SAHAGUN;;1;101014.0;BRISAS;;89.167.106;-754.439.591;TIENDA DON FIDEL;
2454;TIENDA K Y E;SAHAGUN;;1;101014.0;BRISAS;;89.179.659;-754.439.528;TIENDA K y E;
2455;TIENDA E Y E;SAHAGUN;;1;101014.0;;;8.935.497;-75.040.688;;
2456;TIENDA JUNIOR;SAHAGUN;;1;101014.0;;;8.922.695;-75.068.363;;
2457;TIENDA DONDE JOSE;SAHAGUN;;1;101014.0;;;89.623;-7.505.222;;
2458;TIENDA DONDE JESUS;SAHAGUN;;1;101014.0;;;8.927.523;-75.044.118;;
2459;TIENDA EL ENTABLE;SAHAGUN;;1;101014.0;;;8.959.670.000.000.000;-75.059.439;;
2460;TIENDA SANTA LUCÍA 2;SAHAGUN;;1;101014.0;;;8.952.315;-75.065.963;;
2461;TIENDA TAURO;SAHAGUN;;1;101014.0;;;8.923.754;-75.043.662;;
2462;TIENDA ÉRICA MARCELA;SAHAGUN;;1;101014.0;;;8.948.202;-75.038.359;;
2463;TIENDA EMILIA;SAHAGUN;;1;101014.0;;;8.957.475;-75.021.437;;
2464;TIENDA DULCERÍA EL MILAGRO;SAHAGUN;;1;101014.0;;;8.946.985;-75.054.082;;
2465;TIENDA CHECHO;SAHAGUN;;1;101014.0;;;8.960.929;-75.056.688;;
2466;TIENDA DAVO;SAHAGUN;;1;101014.0;SANTA LUCIA;;89.304.932;-754.426.526;TIENDA DAVO;
2467;PANADERÍA GENESIS;SAHAGUN;;1;101014.0;;;8.922.438;-75.022.098;;
2468;TIENDA LA COSTEÑA;SAHAGUN;;1;101014.0;VENECIA;;89.338.636;-754.487.204;TIENDA LA COSTEÑA;
2469;TIENDA CANDI SHOC;SAHAGUN;;1;101014.0;;;8.941.618;-75.061.565;;
2470;TIENDA EL ÉXITO;SAHAGUN;;1;101014.0;;;8.928.992;-75.057.718;;
2471;TIENDA JESUS REDENTOR;SAHAGUN;;1;101014.0;;;8.948.631;-750.345;;
301;TIENDA EL OFERTON;SAHAGUN;;1;101014.0;;;8.954.180.000.000.000;-75.056.233;;
302;TIENDA ALMENDRO;SAHAGUN;;1;101014.0;;;8.968.913;-75.033.335;;
303;TIENDA LOS OLIVOS;SAHAGUN;;1;101014.0;;;8.948.888;-75.039.644;;
304;TIENDA MIRAFLORES # 2;SAHAGUN;;1;101014.0;;;894.215;-75.057.843;;
305;TIENDA NUEVO PODER;SAHAGUN;;1;101014.0;MIRAFLORES;;89.523.707;-754.579.649;TIENDA NUEVO PODER;
306;TIENDA INGRID;SAHAGUN;;1;101014.0;;;892.189;-75.064.426;;
307;TIENDA LA BENDICION DE DIOS;SAHAGUN;;1;101014.0;LAS AMERICAS;;89.490.625;-75.454.401;TIENDA LA BENDICION DE DIOS;
308;TIENDA MIRAFLORES;SAHAGUN;;1;101014.0;MIRAFLORES;;89.516.968;-754.582.399;TIENDA MIRAFLORES;
309;ESTANCO LA OFICINA;SAHAGUN;;1;101014.0;LA TRONCAL;;89.242.502;-754.437.855;ESTANCO LA OFICINA;
310;TIENDA J y E;SAHAGUN;;1;101014.0;;;8.945.751;-75.046.556;;
311;TIENDA EL PAISA;SAHAGUN;;1;101014.0;MIRAFLORES;;89.526.357;-754.566.453;TIENDA EL PAISA;
312;TIENDA CARPA AZUL;SAHAGUN;;1;101014.0;LAS AMERICAS;;89.512.742;-754.553.253;TIENDA CARPA AZUL;
313;TIENDA PUNTO VERDE;SAHAGUN;;1;101014.0;VENECIA;;8.934.471;-754.479.757;TIENDA PUNTO VERDE;
314;TIENDA LA BENDICION;SAHAGUN;;1;101014.0;MIRAFLORES;Miércoles;89.511.477;-754.555.439;TIENDA LA BENDICION;
314;TIENDA LA BENDICION;SAHAGUN;;1;101014.0;MIRAFLORES;Miércoles;89.511.477;-754.555.439;TIENDA LA BENDICION;
314;TIENDA LA BENDICION;SAHAGUN;;1;101014.0;MIRAFLORES;Jueves;89.511.477;-754.555.439;TIENDA LA BENDICION;
314;TIENDA LA BENDICION;SAHAGUN;;1;101014.0;MIRAFLORES;Jueves;89.511.477;-754.555.439;TIENDA LA BENDICION;
315;VARIEDADES LEDYS;SAHAGUN;;1;101014.0;;;8.939.901;-75.038.937;;
316;TIENDA LOS ALMENDROS;SAHAGUN;;1;101014.0;;;8.946.327;-75.027.406;;
317;TIENDA LAS AMERICAS;SAHAGUN;;1;101014.0;LAS AMERICAS;;89.505.436;-754.536.687;TIENDA LAS AMERICAS;
318;TIENDA EVER MARY;SAHAGUN;;1;101014.0;;;8.924.698;-75.038.109;;
319;TIENDA DOÑA ENIT;SAHAGUN;;1;101014.0;;;8.922.496;-75.040.941;;
320;TIENDA SOL NACIENTE;SAHAGUN;;1;101014.0;;;8.968.182;-75.041.456;;
321;TIENDA CRISNEY;SAHAGUN;;1;101014.0;;;8.940.578;-75.038.066;;
322;TIENDA LA BENDICION;SAHAGUN;;1;101014.0;MIRAFLORES;Miércoles;89.511.477;-754.555.439;TIENDA LA BENDICION;
322;TIENDA LA BENDICION;SAHAGUN;;1;101014.0;MIRAFLORES;Miércoles;89.511.477;-754.555.439;TIENDA LA BENDICION;
322;TIENDA LA BENDICION;SAHAGUN;;1;101014.0;MIRAFLORES;Jueves;89.511.477;-754.555.439;TIENDA LA BENDICION;
322;TIENDA LA BENDICION;SAHAGUN;;1;101014.0;MIRAFLORES;Jueves;89.511.477;-754.555.439;TIENDA LA BENDICION;
323;TIENDA LA NIÑA VALE;SAHAGUN;;1;101014.0;;;8.944.083;-75.042.949;;
324;TIENDA FRUVERCAR;SAHAGUN;;1;101014.0;ISLAS DE CAPRI;;89.553.044;-75.457.802;TIENDA FRUVERCAR;
325;TIENDA LA ORIENTAL;SAHAGUN;;1;101014.0;ISLAS DE CAPRI;;89.556.446;-754.576.696;TIENDA LA ORIENTAL;
326;TIENDA LA NUEVA;SAHAGUN;;1;101014.0;VENECIA;;89.343.054;-754.468.475;TIENDA LA NUEVA;
327;TIENDA J.A.;SAHAGUN;;1;101014.0;;;8.926.209;-75.069.319;;
328;TIENDA DIM;SAHAGUN;;1;101014.0;ISLAS DE CAPRI;;8.956.040.699.999.990;-754.577.158;TIENDA DIM;
329;SUPERTIENDA LA NUEVA;SAHAGUN;;1;101014.0;;;8.924.729;-75.054.281;;
330;TIENDA EL ARCA;SAHAGUN;;1;101014.0;ISLAS DE CAPRI;;89.554.323;-754.570.315;TIENDA EL ARCA;
331;TIENDA LA COLOMBIANA;SAHAGUN;;1;101014.0;BARRIO DE LOS PROFESORES;;89.538.684;-754.555.174;TIENDA LA COLOMBIANA;
332;TIENDA COMO DIOS;SAHAGUN;;1;101014.0;;;8.927.078;-75.035.393;;
333;TIENDA TUMBA CUCHARA;SAHAGUN;;1;101014.0;;;8.952.617;-75.026.356;;
334;TIENDA EL MOJOSO;SAHAGUN;;1;101014.0;;;8.957.924;-75.030.056;;
335;TIENDA E Y E;SAHAGUN;;1;101014.0;;;8.935.272;-75.061.358;;
336;SUPER TIENDA LA 16;SAHAGUN;;1;101014.0;;;8.958.701;-75.029.888;;
337;PANADERIA DELICIAS PANTOJARTE;SAHAGUN;;1;101014.0;;;8.970.695;-75.049.599;;
338;TIENDA LA ESQUINA VERDE;SAHAGUN;;1;101014.0;;;8.939.771;-75.031.409;;
339;TIENDA LA MEJOR ESQUINA;SAHAGUN;;1;101014.0;;;893.821;-75.023.692;;
340;TIENDA LA 21;SAHAGUN;;1;101014.0;;;8.964.091;-7.504.878;;
341;TIENDA MAYERLIS;SAHAGUN;;1;101014.0;;;8.958.714;-75.032.503;;
342;RESTAURANTE ARROZ PARAO;SAHAGUN;;1;101014.0;;;8.926.326;-75.025.102;;
343;TIENDA LA DESPENSA;SAHAGUN;;1;101014.0;EL 16;;89.601.206;-754.560.089;TIENDA LA DESPENSA;
344;TIENDA LA MEJOR ESQUINA;SAHAGUN;;1;101014.0;;;8.937.172;-75.025.454;;
345;TIENDA LA PEQUEÑITA;SAHAGUN;;1;101014.0;;;894.063;-75.069.688;;
346;TIENDA THIAGO;SAHAGUN;;1;101014.0;;;8.966.439;-75.065.666;;
347;TIENDA DIANA;SAHAGUN;;1;101014.0;CENTRO;Miércoles;89.484.491;-754.455.034;TIENDA DIANA;
348;TIENDA MELISSA;SAHAGUN;;1;101014.0;;;8.937.136;-75.022.727;;
349;TIENDA EL BUEN PRECIO ;SAHAGUN;;1;101014.0;;;89.687;-75.041.558;;
350;TIENDA LA NUEVA;SAHAGUN;;1;101014.0;VENECIA;;89.343.054;-754.468.475;TIENDA LA NUEVA;
351;TIENDA RENACER;SAHAGUN;;1;101014.0;RENACER;Miércoles;89.605.779;-754.551.597;TIENDA RENACER;
352;TIENDA QUIEN COMO DIOS;SAHAGUN;;1;101014.0;;;8.935.831;-75.053.797;;
353;TIENDA EL BARATON;SAHAGUN;;1;101014.0;;;8.954.796;-75.032.611;;
354;TIENDA EL OLIVO;SAHAGUN;;1;101014.0;RENACER;;89.607.624;-754.541.492;TIENDA EL OLIVO;
355;TIENDA KYCELL;SAHAGUN;;1;101014.0;RENACER;;89.607.988;-75.454.239;TIENDA KYCELL;
356;TIENDA YOLIS;SAHAGUN;;1;101014.0;;;8.924.047.999.999.990;-75.042.754;;
357;TIENDA DONDE ARGELIO;SAHAGUN;;1;101014.0;;;8.943.247;-75.025.845;;
358;TIENDA 16 DE JUNIO;SAHAGUN;;1;101014.0;;;8.938.716;-75.064.377;;
359;TIENDA SHALOM;SAHAGUN;;1;101014.0;;;892.832;-75.032.154;;
360;TIENDA BARCELONA;SAHAGUN;;1;101014.0;RENACER;;89.598.215;-754.529.328;TIENDA BARCELONA;
361;PROVEEDORA LA ESTACION;SAHAGUN;;1;101014.0;;;8.925.375;-75.035.182;;
362;TIENDA LA VIRGEN;SAHAGUN;;1;101014.0;GALILLO LARGO;Jueves;89.668.349;-754.518.354;TIENDA LA VIRGEN;
363;TIENDA LUIS;SAHAGUN;;1;101014.0;;;8.924.808;-75.029.137;;
364;TIENDA LA BENDICION;SAHAGUN;;1;101014.0;MIRAFLORES;Miércoles;89.511.477;-754.555.439;TIENDA LA BENDICION;
364;TIENDA LA BENDICION;SAHAGUN;;1;101014.0;MIRAFLORES;Miércoles;89.511.477;-754.555.439;TIENDA LA BENDICION;
364;TIENDA LA BENDICION;SAHAGUN;;1;101014.0;MIRAFLORES;Jueves;89.511.477;-754.555.439;TIENDA LA BENDICION;
364;TIENDA LA BENDICION;SAHAGUN;;1;101014.0;MIRAFLORES;Jueves;89.511.477;-754.555.439;TIENDA LA BENDICION;
365;TENNOCEL TIENDA;SAHAGUN;;1;101014.0;;;8.956.482;-75.066.163;;
366;TIENDA SALOCELL;SAHAGUN;;1;101014.0;;;8.925.412;-75.020.898;;
367;TIENDA LA BENDICION;SAHAGUN;;1;101014.0;MIRAFLORES;Miércoles;89.511.477;-754.555.439;TIENDA LA BENDICION;
367;TIENDA LA BENDICION;SAHAGUN;;1;101014.0;MIRAFLORES;Miércoles;89.511.477;-754.555.439;TIENDA LA BENDICION;
367;TIENDA LA BENDICION;SAHAGUN;;1;101014.0;MIRAFLORES;Jueves;89.511.477;-754.555.439;TIENDA LA BENDICION;
367;TIENDA LA BENDICION;SAHAGUN;;1;101014.0;MIRAFLORES;Jueves;89.511.477;-754.555.439;TIENDA LA BENDICION;
368;TIENDA LOS LAURELES;SAHAGUN;;1;101014.0;NUEVA ESPERANZA;Jueves;89.612.906;-754.503.528;TIENDA LOS LAURELES;
369;TIENDA EL LIDER;SAHAGUN;;1;101014.0;;;8.939.884;-75.051.698;;
370;TIENDA NUEVA ESPERANZA;SAHAGUN;;1;101014.0;;;896.181;-75.022.868;;
371;TIENDA DANIELA;SAHAGUN;;1;101014.0;EL PRADO;Miércoles;89.440.183;-754.409.886;TIENDA DANIELA;
372;TIENDA LILI;SAHAGUN;;1;101014.0;PLAYA RICA;Miércoles;89.496.556;-754.417.775;TIENDA LILI;
373;TIENDA NACIONAL;SAHAGUN;;1;101014.0;;;897.047;-75.032.561;;
374;TIENDA YISI;SAHAGUN;;1;101014.0;;;8.939.983;-75.066.055;;
375;TIENDA EL PROGRESO;SAHAGUN;;1;101014.0;;;8.960.027;-7.504.231;;
376;TIENDA DONDE SANDRA;SAHAGUN;;1;101014.0;;;8.942.381;-75.024.912;;
377;TIENDA 5 ESQUINAS;SAHAGUN;;1;101014.0;SAN ISIDRO;Jueves;89.528.347;-754.454.052;TIENDA 5 ESQUINAS;
378;TIENDA 5 ESQUINAS;SAHAGUN;;1;101014.0;SAN ISIDRO;Jueves;89.528.347;-754.454.052;TIENDA 5 ESQUINAS;
379;TIENDA CIELO AZUL;SAHAGUN;;1;101014.0;;;8.926.730.000.000.000;-75.045.599;;
380;TIENDA PARAISO ;SAHAGUN;;1;101014.0;;;8.921.738;-75.046.797;;
381;TIENDA EL CHATO;SAHAGUN;;1;101014.0;SAN JOSE;Jueves;89.544.463;-754.475.643;TIENDA EL CHATO;
382;TIENDA SAN JOSE;SAHAGUN;;1;101014.0;SAN JOSE;Jueves;89.567.246;-754.476.133;TIENDA SAN JOSE;
382;TIENDA SAN JOSE;SAHAGUN;;1;101014.0;SAN JOSE;Jueves;89.567.246;-754.476.133;TIENDA SAN JOSE;
383;TIENDA CASA VERDE;SAHAGUN;;1;101014.0;;;8.923.985;-75.064.289;;
384;TIENDA LUDIS;SAHAGUN;;1;101014.0;;;8.927.046;-75.037.769;;
385;TIENDA SAHARAD;SAHAGUN;;1;101014.0;;;8.958.472;-75.041.062;;
386;TIENDA S Y F;SAHAGUN;;1;101014.0;;;8.969.279;-75.051.486;;
387;TIENDA LA BENDICION;SAHAGUN;;1;101014.0;MIRAFLORES;Miércoles;89.511.477;-754.555.439;TIENDA LA BENDICION;
387;TIENDA LA BENDICION;SAHAGUN;;1;101014.0;MIRAFLORES;Miércoles;89.511.477;-754.555.439;TIENDA LA BENDICION;
387;TIENDA LA BENDICION;SAHAGUN;;1;101014.0;MIRAFLORES;Jueves;89.511.477;-754.555.439;TIENDA LA BENDICION;
387;TIENDA LA BENDICION;SAHAGUN;;1;101014.0;MIRAFLORES;Jueves;89.511.477;-754.555.439;TIENDA LA BENDICION;
388;TIENDA LA FE;SAHAGUN;;1;101014.0;NUEVA GRANADA;Miércoles;89.527.218;-754.510.194;TIENDA LA FE;
388;TIENDA LA FE;SAHAGUN;;1;101014.0;NUEVA GRANADA;Jueves;89.527.218;-754.510.194;TIENDA LA FE;
389;TIENDA BERAKA;SAHAGUN;;1;101014.0;;;8.935.456;-750.268;;
390;TIENDA CASABLANCA;SAHAGUN;;1;101014.0;;;893.235;-75.022.069;;
391;TIENDA LUZ;SAHAGUN;;1;101014.0;;;8.921.778;-75.021.736;;
392;TIENDA LA GLORIA DE DIOS ;SAHAGUN;;1;101014.0;;;8.923.328;-75.025.673;;
393;TIENDA EL POZO;SAHAGUN;;1;101014.0;BERNARDO DUQUE;Jueves;89.603.732;-754.427.826;TIENDA EL POZO;
394;TIENDA EL ARCOIRIS;SAHAGUN;;1;101014.0;;;8.947.555;-75.020.582;;
395;TIENDA LOS ALMENDROS;SAHAGUN;;1;101014.0;;;892.486;-75.042.537;;
396;TIENDA EL ESQUINAZO DEL DUQUE;SAHAGUN;;1;101014.0;;;8.969.635;-75.044.075;;
397;TIENDA LA NUEVA;SAHAGUN;;1;101014.0;VENECIA;;89.343.054;-754.468.475;TIENDA LA NUEVA;
398;TIENDA EL CHESPI;SAHAGUN;;1;101014.0;;;8.943.897;-75.038.852;;
399;TIENDA EL GALLITO;SAHAGUN;;1;101014.0;SAN ISIDRO;Jueves;89.526.625;-754.436.302;TIENDA EL GALLITO;
400;TIENDA LA PRINCESA;SAHAGUN;;1;101014.0;;;8.950.386;-75.025.172;;
401;ABASTOS EL PAISA;SAHAGUN;;1;101014.0;AVENIDA;Jueves;89.521.313;-754.467.329;ABASTOS EL PAISA;
402;SALSAMENTARIA PLASTIPAISA;SAHAGUN;;1;101014.0;;;8.923.442;-75.056.182;;
403;TIENDA LA BENDICION DE DIOS;SAHAGUN;;1;101014.0;LAS AMERICAS;;89.490.625;-75.454.401;TIENDA LA BENDICION DE DIOS;
404;TIENDA MI TIENDECITA;SAHAGUN;;1;101014.0;;;8.943.953;-75.039.223;;
405;TIENDA LA GRANJITA;SAHAGUN;;1;101014.0;;;8.935.039;-75.060.824;;
406;TIENDA PUNTO AZUL;SAHAGUN;;1;101014.0;;;8.944.355;-75.052.562;;
407;TIENDA MERKAMPESTRE;SAHAGUN;;1;101014.0;;;8.950.353;-75.066.343;;
408;TIENDA EL TURPIAL;SAHAGUN;;1;101014.0;;;896.989;-75.020.919;;
409;TIENDA ELVIRA;SAHAGUN;;1;101014.0;;;8.956.078;-75.043.425;;
410;TIENDA A Y L;SAHAGUN;;1;101014.0;SAN JUAN;Miércoles;89.509.478;-754.383.464;TIENDA A y L;
411;TIENDA LA COLOMBIANA;SAHAGUN;;1;101014.0;BARRIO DE LOS PROFESORES;;89.538.684;-754.555.174;TIENDA LA COLOMBIANA;
412;TIENDA EL CHAMO J.A;SAHAGUN;;1;101014.0;;;8.955.407;-75.062.099;;
413;TIENDA JIRETH;SAHAGUN;;1;101014.0;COROCITO;;89.566.603;-754.516.695;TIENDA JIRETH;
414;TIENDA RENACER;SAHAGUN;;1;101014.0;RENACER;Miércoles;89.605.779;-754.551.597;TIENDA RENACER;
415;TIENDA DONDE OLGA;SAHAGUN;;1;101014.0;;;896.866;-75.033.944;;
416;TIENDA CARPA ROJA;SAHAGUN;;1;101014.0;;;8.951.841;-75.049.318;;
417;TIENDA EL MANA;SAHAGUN;;1;101014.0;SAN JUAN;Miércoles;89.499.477;-754.375.169;TIENDA EL MANA;
418;TIENDA J P;SAHAGUN;;1;101014.0;;;8.967.806;-75.026.927;;
419;TIENDA SAN JUAN;SAHAGUN;;1;101014.0;SAN JUAN;Miércoles;89.487.713;-754.385.649;TIENDA SAN JUAN;
420;TIENDA LA MEJOR;SAHAGUN;;1;101014.0;SAN NICOLAS;Miércoles;89.485.667;-754.382.993;TIENDA LA MEJOR;
421;TIENDA SOFIA;SAHAGUN;;1;101014.0;SAN NICOLAS;Miércoles;89.483.024;-754.379.255;TIENDA SOFIA;
422;TIENDA VIRGO;SAHAGUN;;1;101014.0;;;8.923.431;-75.068.912;;
423;TIENDA RENACER # 2;SAHAGUN;;1;101014.0;;;8.939.993;-75.029.702;;
424;TIENDA YAKO;SAHAGUN;;1;101014.0;;;8.970.534;-75.062.709;;
425;SUPER POLLO LA;SAHAGUN;;1;101014.0;;;8.950.877;-75.051.185;;
426;TIENDA CAPRICHO;SAHAGUN;;1;101014.0;PLAYA RICA;;8.951.418.199.999.990;754.426.093;TIENDA CAPRICHO;
427;SUPER TIENDA PLAYA RICA;SAHAGUN;;1;101014.0;;;8.963.086;-75.046.795;;
428;PANADERÍA PAN PRIMO;SAHAGUN;;1;101014.0;;;8.941.911;-7.505.656;;
429;TIENDA SOL Y SOMBRA;SAHAGUN;;1;101014.0;;;8.923.989;-75.026.994;;
430;TIENDA LA UNIÓN;SAHAGUN;;1;101014.0;;;8.961.815;-75.020.244;;
431;VARIEDADES MAYE;SAHAGUN;;1;101014.0;;;8.971.002;-75.042.458;;
432;TIENDA LOS BISCOCHOS;SAHAGUN;;1;101014.0;SAN PEDRO;;89.446.665;-754.470.614;TIENDA LOS BISCOCHOS;
433;TIENDA VILLA RICA;SAHAGUN;;1;101014.0;;;8.963.652;-75.057.863;;
434;SUPERTIENDA PA TODOS;SAHAGUN;;1;101014.0;;;8.943.697;-75.063.772;;
435;ABASTOS LA BENDICION;SAHAGUN;;1;101014.0;SAN PEDRO;;89.487.369;-754.493.095;ABASTOS LA BENDICION;
436;LOLO VARIEDADES ;SAHAGUN;;1;101014.0;SAN PEDRO;;89.447.649;-754.488.877;LOLO VARIEDADES;
437;DISTRIBUCIONES PLASTIPAISA;SAHAGUN;;1;101014.0;;;8.952.076;-75.052.322;;
438;PROVEEDORA EL CARRIELITO # 2;SAHAGUN;;1;101014.0;;;8.926.848;-75.036.651;;
439;GRANERO EL CAMPESINO;SAHAGUN;;1;101014.0;;;8.947.185;-75.031.614;;
440;DEPOSITO LA MANO DE DIOS;SAHAGUN;;1;101014.0;SAN PEDRO;;89.452.994;-754.481.873;DEPOSITO LA MANO DE DIOS;
441;GRANERO EL SANTUARIO # 1;SAHAGUN;;1;101014.0;;;8.948.765;-75.042.183;;
442;DEPOSITO ANTIOQUIA # 3;SAHAGUN;;1;101014.0;;;8.965.003;-75.050.056;;
443;DELITORTAS COROSITO;SAHAGUN;;1;101014.0;;;8.927.871;-75.068.791;;
444;SUPERTIENDA LA AVENIDA;SAHAGUN;;1;101014.0;;;8.958.927;-75.039.215;;
445;TIENDA EL TOTUMO;SAHAGUN;;1;101014.0;COROCITO;;89.564.421;-754.524.601;TIENDA EL TOTUMO;
446;SUPERTIENDA LA PRINCIPAL;SAHAGUN;;1;101014.0;COROCITO;;89.558.552;-754.530.961;SUPERTIENDA LA PRINCIPAL;
447;TIENDA LA BENDICIÓN DE DIOS;SAHAGUN;;1;101014.0;;;8.938.699;-75.040.734;;
448;JUGUERIA Y FRUTERIA EL PATILLAZO;SAHAGUN;;1;101014.0;;;8.940.782;-75.048.356;;
449;TIENDA AFUERA;SAHAGUN;;1;101014.0;MAMONAL;;89.542.324;-75.453.887;TIENDA AFUERA;
450;TIENDA R J;SAHAGUN;;1;101014.0;;;8.946.869;-75.031.047;;
451;TIENDA LA RESERVA;SAHAGUN;;1;101014.0;;;8.940.997;-75.039.126;;
452;ABASTOS LOS PAISITAS;SAHAGUN;;1;101014.0;;;8.964.288;-75.022.754;;
453;SUPERTIENDA LA BENDICIÓN;SAHAGUN;;1;101014.0;;;8.928.524;-75.023.901;;
454;PANADERIA PAN PRIMO;SAHAGUN;;1;101014.0;BOSQUE CENTRO;;89.478.804;-754.458.233;PANADERIA PAN PRIMO;
455;TIENDA EL PAISA;SAHAGUN;;1;101014.0;MIRAFLORES;;89.526.357;-754.566.453;TIENDA EL PAISA;
456;TIENDA LA NUEVA;SAHAGUN;;1;101014.0;VENECIA;;89.343.054;-754.468.475;TIENDA LA NUEVA;
457;DROGUERIA LA PRIMERA;SAHAGUN;;1;101014.0;;;895.284;-75.058.223;;
458;DROGUERIA FARMAVIDA;SAHAGUN;;1;101014.0;;;8.924.963;-75.063.786;;
459;TIENDA LA CAR Y HEL;SAHAGUN;;1;101014.0;;;8.927.572;-75.062.635;;
460;TIENDA SAMARA;SAHAGUN;;1;101014.0;NUEVA GRANADA;;89.523.784;-754.524.202;TIENDA SAMARA;
461;TIENDA SANTA FE;SAHAGUN;;1;101014.0;;;8.930.264;-75.052.947;;
462;TIENDA EL RETORNO;SAHAGUN;;1;101014.0;NUEVA GRANADA;;89.532.093;-754.501.698;TIENDA EL RETORNO;
463;TIENDA LA ESTACIÓN;SAHAGUN;;1;101014.0;;;8.954.548;-75.061.614;;
464;TIENDA EL SOL;SAHAGUN;;1;101014.0;;;8.930.784;-75.068.187;;
465;SUPERTIENDA JOCHE;SAHAGUN;;1;101014.0;;;8.929.617;-750.563;;
466;TIENDA LA AMISTAD;SAHAGUN;;1;101014.0;MIRAMAR;Miércoles;89.447.774;-754.361.804;TIENDA LA AMISTAD;
466;TIENDA LA AMISTAD;SAHAGUN;;1;101014.0;MIRAMAR;Jueves;89.447.774;-754.361.804;TIENDA LA AMISTAD;
467;TIENDA LA MISMITA;SAHAGUN;;1;101014.0;SAN PEDRO;;89.498.881;-754.498.995;TIENDA LA MISMITA;
468;TIENDA MARSAL;SAHAGUN;;1;101014.0;;;8.927.202;-75.047.191;;
469;TIENDA LA ESQUINA;SAHAGUN;;1;101014.0;;;8.931.487;-75.052.017;;
470;TIENDA LA ESPECIAL;SAHAGUN;;1;101014.0;;;8.946.341;-7.503.571;;
471;TIENDA ANGELES;SAHAGUN;;1;101014.0;;;8.923.136;-75.030.259;;
472;ABASTOS LOS PAISITAS;SAHAGUN;;1;101014.0;;;8.952.565;-75.066.142;;
473;TIENDA LUZ;SAHAGUN;;1;101014.0;;;8.964.849;-75.024.186;;
474;TIENDA LA MEJOR ESQUINA;SAHAGUN;;1;101014.0;;;8.924.224;-75.056.386;;
475;TIENDA LA AMISTAD;SAHAGUN;;1;101014.0;MIRAMAR;Miércoles;89.447.774;-754.361.804;TIENDA LA AMISTAD;
475;TIENDA LA AMISTAD;SAHAGUN;;1;101014.0;MIRAMAR;Jueves;89.447.774;-754.361.804;TIENDA LA AMISTAD;
476;TIENDA LA ECONOMIA;SAHAGUN;;1;101014.0;SAN PEDRO;Jueves;89.500.567;-754.477.598;TIENDA LA ECONOMIA;
477;TIENDA MILET;SAHAGUN;;1;101014.0;NUEVA ESPERANZA;Jueves;89.591.919;-754.479.006;TIENDA MILET;
478;TIENDA EL PARAISO;SAHAGUN;;1;101014.0;NUEVA ESPERANZA;Jueves;89.590.863;-754.470.386;TIENDA EL PARAISO;
478;TIENDA EL PARAISO;SAHAGUN;;1;101014.0;NUEVA ESPERANZA;Jueves;89.590.863;-754.470.386;TIENDA EL PARAISO;
479;TIENDA LA FE;SAHAGUN;;1;101014.0;NUEVA GRANADA;Miércoles;89.527.218;-754.510.194;TIENDA LA FE;
479;TIENDA LA FE;SAHAGUN;;1;101014.0;NUEVA GRANADA;Jueves;89.527.218;-754.510.194;TIENDA LA FE;
480;TIENDA EL GANGAZO # 4;SAHAGUN;;1;101014.0;;;896.148;-75.032.817;;
481;TIENDA MARIO;SAHAGUN;;1;101014.0;SIMON BOLIVAR;Jueves;89.591.548;-754.463.527;TIENDA MARIO;
482;TIENDA LEDYS;SAHAGUN;;1;101014.0;;;8.930.396;-75.059.763;;
483;TIENDA ADRIANA;SAHAGUN;;1;101014.0;SIMON BOLIVAR;Jueves;89.589.965;-754.459.979;TIENDA ADRIANA;
484;TIENDA SAN MARTIN;SAHAGUN;;1;101014.0;;;8.939.694;-75.046.004;;
485;TIENDA LA VOLUNTAD DE DIOS;SAHAGUN;;1;101014.0;;;8.952.083;-75.051.784;;
486;TIENDA ANDRES;SAHAGUN;;1;101014.0;;;8.944.297;-75.032.856;;
487;TIENDA LAS PALMERAS;SAHAGUN;;1;101014.0;;;8.923.004;-75.057.608;;
488;TIENDA KELLY;SAHAGUN;;1;101014.0;;;8.956.837;-7.502.547;;
489;TIENDA EL NEGRO;SAHAGUN;;1;101014.0;SAN JOSE;Jueves;89.569.653;-754.454.793;TIENDA EL NEGRO;
490;TIENDA J y L;SAHAGUN;;1;101014.0;SAN JOSE;Jueves;89.571.932;-754.463.285;TIENDA J y L;
491;TIENDA EL MENUDEO;SAHAGUN;;1;101014.0;SIMON BOLIVAR;Jueves;89.579.818;-754.473.863;TIENDA EL MENUDEO;
492;TIENDA VILMA;SAHAGUN;;1;101014.0;;;8.946.754;-75.043.624;;
493;TIENDA EL ESTUDIANTE;SAHAGUN;;1;101014.0;SIMON BOLIVAR;Jueves;89.568.912;-75.447.503;TIENDA EL ESTUDIANTE;
494;TIENDA Y VARIEDADES SAN JOSE;SAHAGUN;;1;101014.0;;;8.926.529;-75.047.859;;
495;TIENDA ESTHER;SAHAGUN;;1;101014.0;SAN JOSE;Jueves;89.563.705;-754.480.233;TIENDA ESTHER;
496;TIENDA PUNTO AZUL;SAHAGUN;;1;101014.0;;;8.947.801;-75.058.106;;
497;TIENDA DONDE EL MONO;SAHAGUN;;1;101014.0;;;8.934.632;-75.051.366;;
498;EL GANGAZO PAISA;SAHAGUN;;1;101014.0;;;8.922.174;-75.054.126;;
499;PANADERIA EL BUEN SABOR;SAHAGUN;;1;101014.0;;;8.931.742;-75.053.855;;
500;TIENDA PARAISO ;SAHAGUN;;1;101014.0;;;8.927.158;-75.025.704;;
501;TIENDA ANA;SAHAGUN;;1;101014.0;NUEVA GRANADA;;89.528.851;-754.493.933;TIENDA ANA;
502;PANADERIA MAQ PAN;SAHAGUN;;1;101014.0;;;8.960.629;-75.045.308;;
503;SUPERMERCADO MERKEFULL;SAHAGUN;;1;101014.0;;;8.925.516;-75.043.375;;
504;TIENDA LA PARADA;SAHAGUN;;1;101014.0;;;8.950.512;-75.032.958;;
505;TIENDA PUNTO FIJO;SAHAGUN;;1;101014.0;;;8.942.753;-75.063.851;;
506;TIENDA SATELITE;SAHAGUN;;1;101014.0;NUEVA ESPERANZA;Jueves;89.579.457;-754.504.454;TIENDA SATELITE;
507;TIENDA PUNTO ROJO;SAHAGUN;;1;101014.0;SAN ROQUE;Miércoles;8.946.857;-75.440.599;TIENDA PUNTO ROJO;
508;TIENDA LA FE;SAHAGUN;;1;101014.0;NUEVA GRANADA;Miércoles;89.527.218;-754.510.194;TIENDA LA FE;
508;TIENDA LA FE;SAHAGUN;;1;101014.0;NUEVA GRANADA;Jueves;89.527.218;-754.510.194;TIENDA LA FE;
509;TIENDA LA 14;SAHAGUN;;1;101014.0;SAN ROQUE;Miércoles;89.456.478;-75.441.284;TIENDA LA 14;
510;TIENDA Y MISCELÁNEA RODRIGUEZ;SAHAGUN;;1;101014.0;;;8.935.359;-75.052.076;;
511;SUPERTIENDA SAN ROQUE;SAHAGUN;;1;101014.0;;;8.953.466;-75.041.691;;
512;PANADERÍA RICO PAN;SAHAGUN;;1;101014.0;;;8.938.975;-75.020.904;;
513;TIENDA EL BARATON;SAHAGUN;;1;101014.0;;;8.951.459;-75.058.369;;
514;TIENDA D. A.;SAHAGUN;;1;101014.0;;;8.926.259;-75.062.587;;
515;TIENDA LA BENDICION DE DIOS;SAHAGUN;;1;101014.0;LAS AMERICAS;;89.490.625;-75.454.401;TIENDA LA BENDICION DE DIOS;
516;TIENDA LETICIA;SAHAGUN;;1;101014.0;SAN ROQUE;Miércoles;89.447.731;-754.375.074;TIENDA LETICIA;
517;TIENDA LA PROVINCIANA;SAHAGUN;;1;101014.0;;;8.930.498;-75.055.975;;
518;TIENDA DARIZ;SAHAGUN;;1;101014.0;;;8.929.839;-75.025.392;;
519;TIENDA MIRAMAR;SAHAGUN;;1;101014.0;MIRAMAR;Miércoles;89.453.693;-754.365.002;TIENDA MIRAMAR;
520;TIENDA LA AMISTAD;SAHAGUN;;1;101014.0;MIRAMAR;Miércoles;89.447.774;-754.361.804;TIENDA LA AMISTAD;
520;TIENDA LA AMISTAD;SAHAGUN;;1;101014.0;MIRAMAR;Jueves;89.447.774;-754.361.804;TIENDA LA AMISTAD;
521;TIENDA EL ESQUINAZO;SAHAGUN;;1;101014.0;;;8.925.182;-75.044.004;;
522;TIENDA SANTI;SAHAGUN;;1;101014.0;ANDRES RODRIGUEZ;Miércoles;89.461.148;-754.320.498;TIENDA SANTI;
523;TIENDA EL PAISA;SAHAGUN;;1;101014.0;MIRAFLORES;;89.526.357;-754.566.453;TIENDA EL PAISA;
524;TIENDA MERCATODO;SAHAGUN;;1;101014.0;;;8.926.772;-75.050.337;;
525;TIENDA EL DESCANSO;SAHAGUN;;1;101014.0;;;8.969.644;-75.026.955;;
526;TIENDA PUNTO ROJO;SAHAGUN;;1;101014.0;SAN ROQUE;Miércoles;8.946.857;-75.440.599;TIENDA PUNTO ROJO;
527;TIENDA LAS MELLAS;SAHAGUN;;1;101014.0;IRLANDA;Miércoles;89.436.434;-754.319.438;TIENDA LAS MELLAS;
528;TIENDA DIOS TE BENDIGA;SAHAGUN;;1;101014.0;IRLANDA;Miércoles;89.435.285;-754.309.792;TIENDA DIOS TE BENDIGA;
529;TIENDA K Y S;SAHAGUN;;1;101014.0;;;8.962.024;-75.057.335;;
530;TIENDA EMY;SAHAGUN;;1;101014.0;;;8.929.714;-75.036.798;;
531;TIENDA LAS DOS MARIAS;SAHAGUN;;1;101014.0;IRLANDA;Miércoles;89.420.311;-75.428.973;TIENDA LAS DOS MARIAS;
532;TIENDA L Y L;SAHAGUN;;1;101014.0;LAS ALPUJARRAS;Miércoles;89.387.648;-754.279.109;TIENDA L y L;
533;TIENDA JULIO;SAHAGUN;;1;101014.0;;;8.967.639;-75.042.392;;
534;TIENDA EL MÚSICO;SAHAGUN;;1;101014.0;;;8.949.751;-75.056.231;;
535;TIENDA Y VARIEDADES ALPUJARRA;SAHAGUN;;1;101014.0;;;8.959.645;-75.060.878;;
536;TIENDA R Y J;SAHAGUN;;1;101014.0;;;8.937.354;-75.048.958;;
537;TIENDA KARINA;SAHAGUN;;1;101014.0;;;8.946.551;-7.505.811;;
538;TIENDA EL PORVENIR;SAHAGUN;;1;101014.0;;;8.926.912;-75.039.699;;
539;TIENDA EL TOTI;SAHAGUN;;1;101014.0;;;8.935.602;-75.041.168;;
540;TIENDA YULIS ;SAHAGUN;;1;101014.0;;;8.928.888;-75.046.173;;
541;TIENDA CASA AZUL ;SAHAGUN;;1;101014.0;;;8.947.799;-75.067.639;;
542;DEPOSITO LA KOLMENA;SAHAGUN;;1;101014.0;;;8.938;-75.063.509;;
543;POLLO CENTRAL;SAHAGUN;;1;101014.0;CENTRO;;89.490.211;-754.445.945;POLLO CENTRAL;
544;CONFITERIA DARAN;SAHAGUN;;1;101014.0;;;8.937.288;-75.029.736;;
545;GRANERO LA OCTAVA;SAHAGUN;;1;101014.0;;;8.933.902;-75.036.155;;
546;DEPOSITO ANTIOQUIA;SAHAGUN;;1;101014.0;;;8.959.181;-75.040.448;;
547;DEPOSITO ANTIOQUIA # 2;SAHAGUN;;1;101014.0;;;8.944.749;-75.049.638;;
548;DEPOSITO Y MERCADO ANTIOQUIA # 4;SAHAGUN;;1;101014.0;;;8.938.613;-75.023.754;;
549;TIENDA DIANA;SAHAGUN;;1;101014.0;CENTRO;Miércoles;89.484.491;-754.455.034;TIENDA DIANA;
550;PANADERIA RICKY PAN;SAHAGUN;;1;101014.0;;;8.962.701;-75.021.979;;
551;PANADERIA LA FUENTE ;SAHAGUN;;1;101014.0;;;8.927.385;-75.033.687;;
552;PANADERIA MERKATO PLAZA ;SAHAGUN;;1;101014.0;;;8.968.087;-75.061.168;;
553;DEPOSITO LA 11;SAHAGUN;;1;101014.0;;;8.924.495;-75.033.174;;
554;TIENDA LA FORTALEZA;SAHAGUN;;1;101014.0;;;8.949.894;-75.028.139;;
555;DEPOSITO MERCA ANTIOQUIA;SAHAGUN;;1;101014.0;;;8.928.159;-75.030.467;;
556;TIENDA ONALPE;SAHAGUN;;1;101014.0;CENTRO;;89.455.064;-754.435.508;TIENDA ONALPE;
557;TIENDA LA BENDICION;SAHAGUN;;1;101014.0;MIRAFLORES;Miércoles;89.511.477;-754.555.439;TIENDA LA BENDICION;
557;TIENDA LA BENDICION;SAHAGUN;;1;101014.0;MIRAFLORES;Miércoles;89.511.477;-754.555.439;TIENDA LA BENDICION;
557;TIENDA LA BENDICION;SAHAGUN;;1;101014.0;MIRAFLORES;Jueves;89.511.477;-754.555.439;TIENDA LA BENDICION;
557;TIENDA LA BENDICION;SAHAGUN;;1;101014.0;MIRAFLORES;Jueves;89.511.477;-754.555.439;TIENDA LA BENDICION;
558;TIENDA KINCAYA;SAHAGUN;;1;101014.0;BOSQUE CENTRO;;89.475.386;-754.468.811;TIENDA KINCAYA;
559;TIENDA LOS GEMELOS;SAHAGUN;;1;101014.0;;;895.443;-75.044.077;;
560;TIENDA EL BUEN GUSTO;SAHAGUN;;1;101014.0;SAN PEDRO;;895.177;-75.448.313;TIENDA EL BUEN GUSTO;
561;VARIEDADES MARY;SAHAGUN;;1;101014.0;SAN PEDRO;;89.516.199;-754.480.438;VARIEDADES MARY;
562;TIENDA EL CARMEN;SAHAGUN;;1;101014.0;;;8.943.127;-75.051.383;;
563;POLLOS ELIGIO;SAHAGUN;;1;101014.0;;;8.944.304;-75.055.161;;
564;PANADERIA RICO PAN;SAHAGUN;;1;101014.0;;;895.855;-75.045.094;;
565;PROVEEDORA EL SANTUARIO;SAHAGUN;;1;101014.0;;;8.932.781;-75.025.251;;
566;TIENDA EXITO;SAHAGUN;;1;101014.0;;;8.940.365;-75.043.052;;
567;TIENDA EL JUNIOR;SAHAGUN;;1;101014.0;;;8.966.493.999.999.990;-75.039.018;;
568;PROVEEDORA EL CARRIEL PAISA;SAHAGUN;;1;101014.0;;;8.927.015;-75.023.238;;
569;TIENDA MARIA;SAHAGUN;;1;101014.0;SAN PEDRO;;89.482.004;-754.483.053;TIENDA MARIA;
570;TIENDA HUGO;SAHAGUN;;1;101014.0;;;8.928.134;-75.030.529;;
571;TIENDA Y REPOSTERÍA ALEJANDRA FIGUEROA;SAHAGUN;;1;101014.0;;;8.952.174;-75.043.557;;
572;TIENDA LA 14;SAHAGUN;;1;101014.0;SAN ROQUE;Miércoles;89.456.478;-75.441.284;TIENDA LA 14;
573;CAFETERIA BOCADITOS;SAHAGUN;;1;101014.0;;;8.965.864.999.999.990;-750.308;;
574;TIENDA LA ECONOMIA;SAHAGUN;;1;101014.0;SAN PEDRO;Jueves;89.500.567;-754.477.598;TIENDA LA ECONOMIA;
575;PANADERIA DELITORTAS;SAHAGUN;;1;101014.0;AVENIDA;;89.570.548;-754.519.796;PANADERIA DELITORTAS;
576;DESECHABLES CENTENARIO;SAHAGUN;;1;101014.0;CENTENARIO;;8.951.402.999.999.990;-754.461.136;DESECHABLES CENTENARIO;
577;LEGUMBRERIA DIOS ES BUENO;SAHAGUN;;1;101014.0;;;8.922.846.999.999.990;-75.041.736;;
578;SALSAMENTARIA EL TIO CANO;SAHAGUN;;1;101014.0;;;8.959.293;-75.026.392;;
579;TIENDA LOS GEMELOS # 2;SAHAGUN;;1;101014.0;;;8.938.274;-75.029.167;;
580;TIENDA LA BENDICION;SAHAGUN;;1;101014.0;MIRAFLORES;Miércoles;89.511.477;-754.555.439;TIENDA LA BENDICION;
580;TIENDA LA BENDICION;SAHAGUN;;1;101014.0;MIRAFLORES;Miércoles;89.511.477;-754.555.439;TIENDA LA BENDICION;
580;TIENDA LA BENDICION;SAHAGUN;;1;101014.0;MIRAFLORES;Jueves;89.511.477;-754.555.439;TIENDA LA BENDICION;
580;TIENDA LA BENDICION;SAHAGUN;;1;101014.0;MIRAFLORES;Jueves;89.511.477;-754.555.439;TIENDA LA BENDICION;
581;TIENDA EL AMIGO;SAHAGUN;;1;101014.0;EL BOSQUE;;89.404.026;-754.473.122;TIENDA EL AMIGO;
582;TIENDA JHOANA;SAHAGUN;;1;101014.0;;;8.927.544;-75.050.366;;
583;TIENDA EL PAISAJE;SAHAGUN;;1;101014.0;EL BOSQUE;;89.391.639;-75.447.682;TIENDA EL PAISAJE;
584;TIENDA LA TRONCAL JS;SAHAGUN;;1;101014.0;EL BOSQUE;;89.413.992;-754.474.141;TIENDA LA TRONCAL JS;
585;TIENDA MARIA;SAHAGUN;;1;101014.0;SAN PEDRO;;89.482.004;-754.483.053;TIENDA MARIA;
586;TIENDA EL MANA;SAHAGUN;;1;101014.0;SAN JUAN;Miércoles;89.499.477;-754.375.169;TIENDA EL MANA;
587;TIENDA MIA;SAHAGUN;;1;101014.0;;;8.955.867;-75.043.094;;
588;TIENDA PUNTO BLANCO;SAHAGUN;;1;101014.0;EL BOSQUE;;89.405.659;-754.491.941;TIENDA PUNTO BLANCO;
589;TIENDA CENTRAL 18;SAHAGUN;;1;101014.0;EL BOSQUE;;89.409.789;-754.480.609;TIENDA CENTRAL 18;
590;TIENDA MIRELLA;SAHAGUN;;1;101014.0;;;895.034;-75.050.187;;
591;TIENDA MILENIO HS;SAHAGUN;;1;101014.0;EL BOSQUE;;89.398.154;-754.489.252;TIENDA MILENIO HS;
592;TIENDA LA BENDICION;SAHAGUN;;1;101014.0;MIRAFLORES;Miércoles;89.511.477;-754.555.439;TIENDA LA BENDICION;
592;TIENDA LA BENDICION;SAHAGUN;;1;101014.0;MIRAFLORES;Miércoles;89.511.477;-754.555.439;TIENDA LA BENDICION;
592;TIENDA LA BENDICION;SAHAGUN;;1;101014.0;MIRAFLORES;Jueves;89.511.477;-754.555.439;TIENDA LA BENDICION;
592;TIENDA LA BENDICION;SAHAGUN;;1;101014.0;MIRAFLORES;Jueves;89.511.477;-754.555.439;TIENDA LA BENDICION;
593;TIENDA LA LUZ;SAHAGUN;;1;101014.0;;;8.928.838;-75.040.919;;
594;TIENDA EL PAISA Y LA COSTEÑA;SAHAGUN;;1;101014.0;;;8.946.464;-75.039.657;;
595;TIENDA MERCA YA;SAHAGUN;;1;101014.0;SAN RAFAEL;;89.358.095;-754.425.547;TIENDA MERCA YA;
596;TIENDA Y VARIEDADES JJ;SAHAGUN;;1;101014.0;;;8.967.776;-75.041.973;;
597;TIENDA DONDE CALIXTO;SAHAGUN;;1;101014.0;;;8.956.003;-75.024.105;;
598;TIENDA EL ESQUINAZO;SAHAGUN;;1;101014.0;;;8.956.532;-75.062.603;;
599;TIENDA LA ECONOMIA;SAHAGUN;;1;101014.0;SAN PEDRO;Jueves;89.500.567;-754.477.598;TIENDA LA ECONOMIA;
600;DELITORTA SAN RAFAEL;SAHAGUN;;1;101014.0;;;8.949.984;-75.039.894;;
601;TIENDA LA FE;SAHAGUN;;1;101014.0;NUEVA GRANADA;Miércoles;89.527.218;-754.510.194;TIENDA LA FE;
601;TIENDA LA FE;SAHAGUN;;1;101014.0;NUEVA GRANADA;Jueves;89.527.218;-754.510.194;TIENDA LA FE;
602;TIENDA LOS ANGELES;SAHAGUN;;1;101014.0;;;8.942.377;-75.033.408;;
603;TIENDA YADY;SAHAGUN;;1;101014.0;SAN RAFAEL;;89.382.279;-754.406.241;TIENDA YADY;
604;SUPERTIENDA A.R;SAHAGUN;;1;101014.0;;;8.943.712;-75.064.568;;
605;TIENDA LA MEJOR ESQUINA;SAHAGUN;;1;101014.0;;;8.970.412;-75.028.285;;
606;TIENDA DONDE REMBE;SAHAGUN;;1;101014.0;SAN RAFAEL;;89.376.543;-754.425.526;TIENDA DONDE REMBE;
607;TIENDA SAN RAFAEL # 2;SAHAGUN;;1;101014.0;;;8.964.665;-75.044.288;;
608;TIENDA MISCELÁNEA LA FE;SAHAGUN;;1;101014.0;;;8.950.734;-7.505.028;;
609;TIENDA GUADALUPE;SAHAGUN;;1;101014.0;;;8.923.908;-7.505.347;;
610;TIENDA OLICAR;SAHAGUN;;1;101014.0;;;8.961.313;-75.069.998;;
611;TIENDA LA 18;SAHAGUN;;1;101014.0;SAN RAFAEL;;89.404.443;-754.408.618;TIENDA LA 18;
612;TIENDA KAREN;SAHAGUN;;1;101014.0;;;894.804;-75.024.237;;
613;TIENDA ANA;SAHAGUN;;1;101014.0;NUEVA GRANADA;;89.528.851;-754.493.933;TIENDA ANA;
614;PANADERIA PAN PRIMO;SAHAGUN;;1;101014.0;BOSQUE CENTRO;;89.478.804;-754.458.233;PANADERIA PAN PRIMO;
615;TIENDA AURA;SAHAGUN;;1;101014.0;;;89.324;-75.047.608;;
616;TIENDA LA BENDICION;SAHAGUN;;1;101014.0;MIRAFLORES;Miércoles;89.511.477;-754.555.439;TIENDA LA BENDICION;
616;TIENDA LA BENDICION;SAHAGUN;;1;101014.0;MIRAFLORES;Miércoles;89.511.477;-754.555.439;TIENDA LA BENDICION;
616;TIENDA LA BENDICION;SAHAGUN;;1;101014.0;MIRAFLORES;Jueves;89.511.477;-754.555.439;TIENDA LA BENDICION;
616;TIENDA LA BENDICION;SAHAGUN;;1;101014.0;MIRAFLORES;Jueves;89.511.477;-754.555.439;TIENDA LA BENDICION;
617;MINI TIENDA EL VECINO;SAHAGUN;;1;101014.0;;;8.928.213;-75.061.411;;
618;TIENDA FLAMENCO;SAHAGUN;;1;101014.0;;;8.946.088;-75.049.284;;
619;TIENDA Y ESTADERO DOÑA EMY;SAHAGUN;;1;101014.0;;;8.966.912;-7.505.211;;
620;TIENDA BELEN;SAHAGUN;;1;101014.0;LA CRUZ;;89.399.667;-75.442.958;TIENDA BELEN;
621;TIENDA EL INNOVADOR ;SAHAGUN;;1;101014.0;EL PRADO;;8.943.455;-754.437.818;TIENDA EL INNOVADOR;
622;TIENDA EL JUNIOR;SAHAGUN;;1;101014.0;;;8.930.072;-75.022.176;;
623;SUPER TIENDA Y HELADERIA ESCARCHA;SAHAGUN;;1;101014.0;;;8.928.603;-75.049.499;;
624;TIENDA LA CRUZ;SAHAGUN;;1;101014.0;LA CRUZ;;89.399.555;-754.436.772;TIENDA LA CRUZ;
625;TIENDA EL MANE;SAHAGUN;;1;101014.0;;;894.628;-75.040.461;;
626;TIENDA LA AMISTAD;SAHAGUN;;1;101014.0;MIRAMAR;Miércoles;89.447.774;-754.361.804;TIENDA LA AMISTAD;
626;TIENDA LA AMISTAD;SAHAGUN;;1;101014.0;MIRAMAR;Jueves;89.447.774;-754.361.804;TIENDA LA AMISTAD;
627;TIENDA MATY;SAHAGUN;;1;101014.0;;;8.924.524;-75.032.732;;
628;TIENDA EL MANA;SAHAGUN;;1;101014.0;SAN JUAN;Miércoles;89.499.477;-754.375.169;TIENDA EL MANA;
629;TIENDA ACUARELA;SAHAGUN;;1;101014.0;SAN RAFAEL;;89.387.575;-754.403.697;TIENDA ACUARELA;
630;TIENDA SEGRIT;SAHAGUN;;1;101014.0;;;8.931.427;-75.060.696;;
631;TIENDA SANTIAGO;SAHAGUN;;1;101014.0;;;8.922.997;-75.046.627;;
632;TIENDA LA ESCARLATA;SAHAGUN;;1;101014.0;;;8.949.412;-75.066.945;;
633;TIENDA MARY;SAHAGUN;;1;101014.0;;;8.959.946;-75.047.566;;
634;TIENDA RANDY;SAHAGUN;;1;101014.0;EL PRADO;;89.419.821;-754.409.514;TIENDA RANDY;
635;TIENDA LOZANO;SAHAGUN;;1;101014.0;EL PRADO;;89.420.414;-754.411.726;TIENDA LOZANO;
636;TIENDA CAROLINA;SAHAGUN;;1;101014.0;LAS ALPUJARRAS;Miércoles;8.937.020.799.999.990;-754.260.777;TIENDA CAROLINA;
637;TIENDA PERENCHE;SAHAGUN;;1;101014.0;;;8.928.932;-75.061.134;;
638;TIENDA EL MOLINO;SAHAGUN;;1;101014.0;;;8.964.259;-75.022.924;;
639;TIENDA DONDE PELLO;SAHAGUN;;1;101014.0;;;8.939.835;-75.056.693;;
640;TIENDA DIANA;SAHAGUN;;1;101014.0;CENTRO;Miércoles;89.484.491;-754.455.034;TIENDA DIANA;
641;TIENDA AVI;SAHAGUN;;1;101014.0;SAN ROQUE;Miércoles;89.438.623;-754.393.987;TIENDA AVI;
641;TIENDA AVI;SAHAGUN;;1;101014.0;SAN ROQUE;Jueves;89.438.623;-754.393.987;TIENDA AVI;
642;TIENDA LA MUÑE;SAHAGUN;;1;101014.0;EL PRADO;Miércoles;89.437.034;-754.403.341;TIENDA LA MUÑE;
643;TIENDA MI REDENTOR;SAHAGUN;;1;101014.0;;;895.337;-75.049.793;;
644;TIENDA DANIELA;SAHAGUN;;1;101014.0;EL PRADO;Miércoles;89.440.183;-754.409.886;TIENDA DANIELA;
645;TIENDA NANDO;SAHAGUN;;1;101014.0;;;8.922.439;-75.062.422;;
646;TIENDA MIRAMAR;SAHAGUN;;1;101014.0;MIRAMAR;Miércoles;89.453.693;-754.365.002;TIENDA MIRAMAR;
647;TIENDA J Y H;SAHAGUN;;1;101014.0;;;8.956.968.999.999.990;-75.037.284;;
648;RESTAURANTE EL VIEJO BAUL;SAHAGUN;;1;101014.0;;;8.922.525;-75.059.131;;
649;TIENDA LA BENDICIÓN;SAHAGUN;;1;101014.0;;;8.932.724;-75.036.635;;
650;TIENDA J.J;SAHAGUN;;1;101014.0;;;8.922.156;-75.065.025;;
651;TIENDA EL POBRE DANI;SAHAGUN;;1;101014.0;;;8.961.166;-75.061.303;;
652;TIENDA DIOS ES AMOR;SAHAGUN;;1;101014.0;EL TRIUNFO;;89.264.604;-754.473.038;TIENDA DIOS ES AMOR;
653;TIENDA EL FLACO;SAHAGUN;;1;101014.0;EL TRIUNFO;;89.273.692;-754.472.341;TIENDA EL FLACO;
654;TIENDA LA AMERICANA;SAHAGUN;;1;101014.0;;;8.957.283;-75.027.445;;
655;TIENDA LA BENDICIÓN;SAHAGUN;;1;101014.0;;;8.962.681;-75.050.371;;
656;TIENDA ROSARIO;SAHAGUN;;1;101014.0;EL TRIUNFO;;89.272.483;-754.467.828;TIENDA ROSARIO;
657;TIENDA SIMON;SAHAGUN;;1;101014.0;;;8.935.827;-75.025.413;;
658;SUPERTIENDA LA BENDICIÓN;SAHAGUN;;1;101014.0;;;892.182;-75.065.955;;
659;VARIEDADES MARTA;SAHAGUN;;1;101014.0;RANCHERIA;;89.039.857;-754.519.407;VARIEDADES MARTA;
660;TIENDA LOS VECINOS;SAHAGUN;;1;101014.0;RANCHERIA;;89.038.251;-754.521.506;TIENDA LOS VECINOS;
661;TIENDA EYLI;SAHAGUN;;1;101014.0;;;8.942.241;-75.025.596;;
662;TIENDA RUBIELA;SAHAGUN;;1;101014.0;;;8.962.042;-75.053.139;;
663;TIENDA NIÑA VALE;SAHAGUN;;1;101014.0;;;8.934.141;-75.051.245;;
664;TIENDA J. ALEJANDRO;SAHAGUN;;1;101014.0;;;8.950.685;-75.056.827;;
665;TIENDA LOS PIMIENTO;SAHAGUN;;1;101014.0;;;8.952.377;-75.049.759;;
666;TIENDA LOS TOTUMOS;SAHAGUN;;1;101014.0;RANCHERIA;;89.067.055;-754.503.609;TIENDA LOS TOTUMOS;
667;TIENDA EL CAMPITO;SAHAGUN;;1;101014.0;;;8.935.893;-75.022.807;;
668;TIENDA MERCAECONOMIA # 2;SAHAGUN;;1;101014.0;;;895.935;-75.063.224;;
669;SAI BLANCA;SAHAGUN;;1;101014.0;RANCHERIA;;89.070.278;-754.480.284;SAI BLANCA;
670;TIENDA LOS HAITÍ;SAHAGUN;;1;101014.0;;;8.965.898;-75.030.237;;
671;KIOSCO EL OLIVO;SAHAGUN;;1;101014.0;;;8.942.431;-75.069.107;;
672;TIENDA MERCAECONOMIA LAZ;SAHAGUN;;1;101014.0;;;8.934.604;-75.043.148;;
673;TIENDA LA PANTERA;SAHAGUN;;1;101014.0;;;8.952.844;-75.057.336;;
674;TIENDA EL BUEN PRECIO;SAHAGUN;;1;101014.0;;;8.928.138;-75.028.483;;
675;TIENDA LA 10;SAHAGUN;;1;101014.0;;;897.039;-75.043.945;;
676;TIENDA LA ESPERANZA;SAHAGUN;;1;101014.0;BRISAS;;89.104.736;-754.461.679;TIENDA LA ESPERANZA;
677;HOTEL ISLA PALMA;SAHAGUN;;1;101014.0;;;892.209;-75.024.515;;
678;TIENDA EL PEYO;SAHAGUN;;1;101014.0;;;8.927.058;-75.041.404;;
679;TIENDA EL ÉXITO;SAHAGUN;;1;101014.0;;;8.934.873;-75.042.521;;
680;TIENDA DAMARIS;SAHAGUN;;1;101014.0;;;8.953.741;-75.028.743;;
681;TIENDA SAN JOSE;SAHAGUN;;1;101014.0;SAN JOSE;Jueves;89.567.246;-754.476.133;TIENDA SAN JOSE;
681;TIENDA SAN JOSE;SAHAGUN;;1;101014.0;SAN JOSE;Jueves;89.567.246;-754.476.133;TIENDA SAN JOSE;
682;TIENDA DON FIDEL;SAHAGUN;;1;101014.0;BRISAS;;89.167.106;-754.439.591;TIENDA DON FIDEL;
683;TIENDA EL PROGRESO;SAHAGUN;;1;101014.0;;;8.928.014;-75.025.229;;
684;TIENDA K Y E;SAHAGUN;;1;101014.0;BRISAS;;89.179.659;-754.439.528;TIENDA K y E;
685;TIENDA EL OASIS;SAHAGUN;;1;101014.0;;;8.951.196;-75.036.978;;
686;TIENDA M Y P;SAHAGUN;;1;101014.0;BRISAS;;89.197.144;-754.436.218;TIENDA M y P;
687;TIENDA JUNIOR;SAHAGUN;;1;101014.0;;;8.942.109;-75.051.073;;
688;TIENDA E Y E;SAHAGUN;;1;101014.0;;;8.947.116;-75.067.882;;
689;TIENDA JOSÉ;SAHAGUN;;1;101014.0;;;8.929.484;-75.033.328;;
690;TIENDA LAZ;SAHAGUN;;1;101014.0;;;892.531;-75.040.072;;
691;TIENDA PUNTO VERDE;SAHAGUN;;1;101014.0;VENECIA;;8.934.471;-754.479.757;TIENDA PUNTO VERDE;
692;TIENDA LA COSTEÑA;SAHAGUN;;1;101014.0;VENECIA;;89.338.636;-754.487.204;TIENDA LA COSTEÑA;
693;SURTITIENDA VENECIA;SAHAGUN;;1;101014.0;;;8.957.122;-75.055.374;;
694;TIENDA ROSADA;SAHAGUN;;1;101014.0;VENECIA;;89.351.321;-754.462.447;TIENDA ROSADA;
695;TIENDA EL PALMA;SAHAGUN;;1;101014.0;VENECIA;;89.345.717;-754.465.511;TIENDA EL PALMA;
696;TIENDA LA NUEVA;SAHAGUN;;1;101014.0;VENECIA;;89.343.054;-754.468.475;TIENDA LA NUEVA;
697;TIENDA LOS HNOS. ARGUMEDO;SAHAGUN;;1;101014.0;;;8.922.729;-75.057.117;;
698;TIENDA VENECIA;SAHAGUN;;1;101014.0;VENECIA;;89.338.259;-754.444.677;TIENDA VENECIA;
699;TIENDA Y CARNICERÍA A Y E;SAHAGUN;;1;101014.0;;;8.945.988;-75.040.388;;
700;TIENDA LA ECONOMÍA;SAHAGUN;;1;101014.0;;;8.937.882;-75.031.684;;
701;TIENDA EL BUEN PASTOR;SAHAGUN;;1;101014.0;;;89.265;-75.066.473;;
702;TIENDA LA PRINCIPAL;SAHAGUN;;1;101014.0;;;8.957.578.999.999.990;-75.045.455;;
703;TIENDA KIOSCO ROJO;SAHAGUN;;1;101014.0;;;895.559;-75.048.489;;
704;TIENDA LOS RECUERDOS DE ELLA;SAHAGUN;;1;101014.0;;;893.349;-75.029.275;;
705;TIENDA EMMANUEL;SAHAGUN;;1;101014.0;;;8.961.141;-75.035.495;;
706;TIENDA DONDE LIGIA;SAHAGUN;;1;101014.0;;;8.934.777;-75.040.718;;
707;TIENDA EL MESON DE AMY;SAHAGUN;;1;101014.0;;;8.939.219;-75.065.651;;
708;RESTAURANTE LA BONGA;SAHAGUN;;1;101014.0;;;8.967.036;-75.063.389;;
709;MI KIOSCO;SAHAGUN;;1;101014.0;;;8.968.682;-7.504.793;;
710;RESTAURANTE EL PAISA No 1;SAHAGUN;;1;101014.0;;;8.930.427;-75.043.135;;
711;RESTAURANTE LA CUCHARA DE LIBIA;SAHAGUN;;1;101014.0;;;8.964.817;-75.033.619;;
712;KIOSCO AZUL;SAHAGUN;;1;101014.0;;;8.961.498;-75.037.291;;
713;TIENDA DONDE JOSE;SAHAGUN;;1;101014.0;;;8.955.784;-7.502.777;;
714;TIENDA DONDE JESUS;SAHAGUN;;1;101014.0;;;8.933.653;-75.045.759;;
715;TIENDA SANTA LUCÍA 2;SAHAGUN;;1;101014.0;;;893.223;-75.020.847;;
716;TIENDA TAURO;SAHAGUN;;1;101014.0;;;8.968.373;-75.068.259;;
717;TIENDA ÉRICA MARCELA;SAHAGUN;;1;101014.0;;;8.956.449;-75.023.968;;
718;TIENDA DONDE MIRIAN;SAHAGUN;;1;101014.0;;;8.930.199;-75.041.833;;
719;TIENDA NO HAY COMO DIOS;SAHAGUN;;1;101014.0;SANTA LUCIA;;89.290.498;-7.544.216;TIENDA NO HAY COMO DIOS;
720;TIENDA KATTY;SAHAGUN;;1;101014.0;;;8.956.041;-75.055.363;;
721;TIENDA CHECHO;SAHAGUN;;1;101014.0;;;896.739;-75.021.677;;
722;TIENDA DAVO;SAHAGUN;;1;101014.0;SANTA LUCIA;;89.304.932;-754.426.526;TIENDA DAVO;
723;TIENDA LA COSTEÑA;SAHAGUN;;1;101014.0;VENECIA;;89.338.636;-754.487.204;TIENDA LA COSTEÑA;
724;TIENDA EL ÉXITO;SAHAGUN;;1;101014.0;;;8.937.125;-75.028.784;;
725;TIENDA JESUS DE NAZARETH;SAHAGUN;;1;101014.0;;;892.302;-75.040.417;;
726;TIENDA LA UNIÓN;SAHAGUN;;1;101014.0;;;893.267;-75.064.202;;
727;TIENDA PUNTO ROJO;SAHAGUN;;1;101014.0;SAN ROQUE;Miércoles;8.946.857;-75.440.599;TIENDA PUNTO ROJO;
728;TIENDA LA FE;SAHAGUN;;1;101014.0;NUEVA GRANADA;Miércoles;89.527.218;-754.510.194;TIENDA LA FE;
728;TIENDA LA FE;SAHAGUN;;1;101014.0;NUEVA GRANADA;Jueves;89.527.218;-754.510.194;TIENDA LA FE;
729;TIENDA LA 14;SAHAGUN;;1;101014.0;SAN ROQUE;Miércoles;89.456.478;-75.441.284;TIENDA LA 14;
730;GRANERO ONALPE;SAHAGUN;;1;101014.0;;;8.925.018;-75.035.416;;
731;SUPERTIENDA SAN ROQUE;SAHAGUN;;1;101014.0;;;8.938.164;-75.033.992;;
732;TIENDA Y MISCELÁNEA RODRIGUEZ;SAHAGUN;;1;101014.0;;;8.924.438;-75.054.465;;
733;PANADERÍA RICO PAN;SAHAGUN;;1;101014.0;;;8.948.145;-75.030.694;;
734;TIENDA EL BARATON;SAHAGUN;;1;101014.0;;;8.937.108;-75.038.935;;
735;TIENDA D. A.;SAHAGUN;;1;101014.0;;;8.965.469;-75.039.437;;
736;TIENDA LA BENDICION DE DIOS;SAHAGUN;;1;101014.0;LAS AMERICAS;;89.490.625;-75.454.401;TIENDA LA BENDICION DE DIOS;
737;TIENDA LETICIA;SAHAGUN;;1;101014.0;SAN ROQUE;Miércoles;89.447.731;-754.375.074;TIENDA LETICIA;
738;TIENDA LA PROVINCIANA;SAHAGUN;;1;101014.0;;;8.964.675;-75.069.167;;
739;TIENDA DARIZ;SAHAGUN;;1;101014.0;;;8.964.905;-75.043.783;;
740;TIENDA MIRAMAR;SAHAGUN;;1;101014.0;MIRAMAR;Miércoles;89.453.693;-754.365.002;TIENDA MIRAMAR;
741;TIENDA LA AMISTAD;SAHAGUN;;1;101014.0;MIRAMAR;Miércoles;89.447.774;-754.361.804;TIENDA LA AMISTAD;
741;TIENDA LA AMISTAD;SAHAGUN;;1;101014.0;MIRAMAR;Jueves;89.447.774;-754.361.804;TIENDA LA AMISTAD;
742;TIENDA EL ESQUINAZO;SAHAGUN;;1;101014.0;;;8.968.123;-75.030.291;;
743;TIENDA SANTI;SAHAGUN;;1;101014.0;ANDRES RODRIGUEZ;Miércoles;89.461.148;-754.320.498;TIENDA SANTI;
744;TIENDA EL PAISA;SAHAGUN;;1;101014.0;MIRAFLORES;;89.526.357;-754.566.453;TIENDA EL PAISA;
745;TIENDA MERCATODO;SAHAGUN;;1;101014.0;;;8.959.529;-75.050.133;;
746;TIENDA EL DESCANSO;SAHAGUN;;1;101014.0;;;8.945.164;-75.038.855;;
747;TIENDA PUNTO ROJO;SAHAGUN;;1;101014.0;SAN ROQUE;Miércoles;8.946.857;-75.440.599;TIENDA PUNTO ROJO;
748;TIENDA LAS MELLAS;SAHAGUN;;1;101014.0;IRLANDA;Miércoles;89.436.434;-754.319.438;TIENDA LAS MELLAS;
749;TIENDA DIOS TE BENDIGA;SAHAGUN;;1;101014.0;IRLANDA;Miércoles;89.435.285;-754.309.792;TIENDA DIOS TE BENDIGA;
750;TIENDA EMY;SAHAGUN;;1;101014.0;;;8.964.854;-75.021.026;;
751;TIENDA LAS DOS MARIAS;SAHAGUN;;1;101014.0;IRLANDA;Miércoles;89.420.311;-75.428.973;TIENDA LAS DOS MARIAS;
752;TIENDA L Y L;SAHAGUN;;1;101014.0;LAS ALPUJARRAS;Miércoles;89.387.648;-754.279.109;TIENDA L y L;
753;TIENDA EL MÚSICO;SAHAGUN;;1;101014.0;;;8.959.584;-75.049.342;;
754;TIENDA Y VARIEDADES ALPUJARRA;SAHAGUN;;1;101014.0;;;8.942.238;-75.033.351;;
755;TIENDA R Y J;SAHAGUN;;1;101014.0;;;8.933.109;-75.064.706;;
756;TIENDA KARINA;SAHAGUN;;1;101014.0;;;8.938.901;-75.055.868;;
757;TIENDA LA CACHACA;SAHAGUN;;1;101014.0;;;8.935.985;-7.505.855;;
758;TIENDA EL PORVENIR;SAHAGUN;;1;101014.0;;;8.923.275;-75.069.336;;
759;TIENDA EL TOTI;SAHAGUN;;1;101014.0;;;8.970.556;-75.048.841;;
760;TIENDA MIRAMAR;SAHAGUN;;1;101014.0;MIRAMAR;Miércoles;89.453.693;-754.365.002;TIENDA MIRAMAR;
761;TIENDA NANDO;SAHAGUN;;1;101014.0;;;8.940.386;-75.036.248;;
762;TIENDA DIANA;SAHAGUN;;1;101014.0;CENTRO;Miércoles;89.484.491;-754.455.034;TIENDA DIANA;
763;TIENDA AVI;SAHAGUN;;1;101014.0;SAN ROQUE;Miércoles;89.438.623;-754.393.987;TIENDA AVI;
763;TIENDA AVI;SAHAGUN;;1;101014.0;SAN ROQUE;Jueves;89.438.623;-754.393.987;TIENDA AVI;
764;TIENDA LA MUÑE;SAHAGUN;;1;101014.0;EL PRADO;Miércoles;89.437.034;-754.403.341;TIENDA LA MUÑE;
765;TIENDA MI REDENTOR;SAHAGUN;;1;101014.0;;;8.932.083;-75.022.732;;
766;TIENDA SAMARA;SAHAGUN;;1;101014.0;NUEVA GRANADA;;89.523.784;-754.524.202;TIENDA SAMARA;
767;TIENDA EL RETORNO;SAHAGUN;;1;101014.0;NUEVA GRANADA;;89.532.093;-754.501.698;TIENDA EL RETORNO;
768;SUPERTIENDA JOCHE;SAHAGUN;;1;101014.0;;;8.968.407;-7.504.686;;
769;TIENDA LA IDEAL;SAHAGUN;;1;101014.0;;;8.951.841;-75.061.878;;
770;TIENDA LA AMISTAD;SAHAGUN;;1;101014.0;MIRAMAR;Miércoles;89.447.774;-754.361.804;TIENDA LA AMISTAD;
770;TIENDA LA AMISTAD;SAHAGUN;;1;101014.0;MIRAMAR;Jueves;89.447.774;-754.361.804;TIENDA LA AMISTAD;
771;TIENDA LA MISMITA;SAHAGUN;;1;101014.0;SAN PEDRO;;89.498.881;-754.498.995;TIENDA LA MISMITA;
772;TIENDA MARSOL;SAHAGUN;;1;101014.0;;;8.968.307;-75.037.748;;
773;TIENDA ANGELES;SAHAGUN;;1;101014.0;;;8.951.557;-75.044.596;;
774;TIENDA LA ESPECIAL;SAHAGUN;;1;101014.0;;;8.932.703;-75.061.404;;
775;TIENDA LA ESQUINA;SAHAGUN;;1;101014.0;;;8.932.193.999.999.990;-75.060.908;;
776;TIENDA LA FAVORITA;SAHAGUN;;1;101014.0;;;8.960.149;-75.052.724;;
777;TIENDA EL BUEN GUSTO;SAHAGUN;;1;101014.0;SAN PEDRO;;895.177;-75.448.313;TIENDA EL BUEN GUSTO;
778;VARIEDADES MARY;SAHAGUN;;1;101014.0;SAN PEDRO;;89.516.199;-754.480.438;VARIEDADES MARY;
779;PANADERIA MAQ PAN;SAHAGUN;;1;101014.0;;;8.970.915;-75.061.535;;
780;SUPERMERCADO MERKEFULL;SAHAGUN;;1;101014.0;;;8.940.982;-75.032.318;;
781;PANADERIA RICO PAN;SAHAGUN;;1;101014.0;;;8.955.971;-75.062.535;;
782;TIENDA EL CARMEN;SAHAGUN;;1;101014.0;;;8.961.962;-75.059.008;;
783;ABASTOS LA BENDICION;SAHAGUN;;1;101014.0;SAN PEDRO;;89.487.369;-754.493.095;ABASTOS LA BENDICION;
784;PROVEEDORA EL SANTUARIO;SAHAGUN;;1;101014.0;;;8.950.817;-75.041.226;;
785;TIENDA EXITO;SAHAGUN;;1;101014.0;;;8.925.744;-75.026.357;;
786;TIENDA EL JUNIOR;SAHAGUN;;1;101014.0;;;893.445;-75.063.754;;
787;PROVEEDORA EL CARRIEL PAISA;SAHAGUN;;1;101014.0;;;8.965.607;-75.022.447;;
788;TIENDA MARIA;SAHAGUN;;1;101014.0;SAN PEDRO;;89.482.004;-754.483.053;TIENDA MARIA;
789;TIENDA HUGO;SAHAGUN;;1;101014.0;;;8.953.932;-75.042.687;;
790;TIENDA LA 14;SAHAGUN;;1;101014.0;SAN ROQUE;Miércoles;89.456.478;-75.441.284;TIENDA LA 14;
791;CAFETERIA BOCADITOS;SAHAGUN;;1;101014.0;;;8.925.519;-75.049.807;;
792;TIENDA LA ECONOMIA;SAHAGUN;;1;101014.0;SAN PEDRO;Jueves;89.500.567;-754.477.598;TIENDA LA ECONOMIA;
793;SUPERTIENDA PA TODOS;SAHAGUN;;1;101014.0;;;8.939.804;-75.057.242;;
794;DEPOSITO MERCA ANTIOQUIA;SAHAGUN;;1;101014.0;;;8.957.341;-75.045.436;;
795;TIENDA LA FORTALEZA;SAHAGUN;;1;101014.0;;;8.925.222;-75.059.221;;
796;PANADERIA DELITORTAS;SAHAGUN;;1;101014.0;AVENIDA;;89.570.548;-754.519.796;PANADERIA DELITORTAS;
797;DESECHABLES CENTENARIO;SAHAGUN;;1;101014.0;CENTENARIO;;8.951.402.999.999.990;-754.461.136;DESECHABLES CENTENARIO;
798;SALSAMENTARIA EL TIO CANO;SAHAGUN;;1;101014.0;;;8.945.199;-7.504.061;;
799;TIENDA LA BENDICION;SAHAGUN;;1;101014.0;MIRAFLORES;Miércoles;89.511.477;-754.555.439;TIENDA LA BENDICION;
799;TIENDA LA BENDICION;SAHAGUN;;1;101014.0;MIRAFLORES;Miércoles;89.511.477;-754.555.439;TIENDA LA BENDICION;
799;TIENDA LA BENDICION;SAHAGUN;;1;101014.0;MIRAFLORES;Jueves;89.511.477;-754.555.439;TIENDA LA BENDICION;
799;TIENDA LA BENDICION;SAHAGUN;;1;101014.0;MIRAFLORES;Jueves;89.511.477;-754.555.439;TIENDA LA BENDICION;
800;TIENDA KINCAYA;SAHAGUN;;1;101014.0;BOSQUE CENTRO;;89.475.386;-754.468.811;TIENDA KINCAYA;
801;TIENDA LOS GEMELOS;SAHAGUN;;1;101014.0;;;8.955.071;-75.041.943;;
802;LOLO VARIEDADES ;SAHAGUN;;1;101014.0;SAN PEDRO;;89.447.649;-754.488.877;LOLO VARIEDADES;
803;GRANERO EL CAMPESINO;SAHAGUN;;1;101014.0;;;8.961.041;-75.037.307;;
804;DISTRIBUCIONES PLASTIPAISA;SAHAGUN;;1;101014.0;;;8.963.699;-75.026.865;;
805;DEPOSITO LA MANO DE DIOS;SAHAGUN;;1;101014.0;SAN PEDRO;;89.452.994;-754.481.873;DEPOSITO LA MANO DE DIOS;
806;GRANERO EL SANTUARIO # 1;SAHAGUN;;1;101014.0;;;8.956.044;-75.036.223;;
807;PROVEEDORA EL CARRIELITO # 2;SAHAGUN;;1;101014.0;;;8.952.101;-75.032.594;;
808;TIENDA LOS BISCOCHOS;SAHAGUN;;1;101014.0;SAN PEDRO;;89.446.665;-754.470.614;TIENDA LOS BISCOCHOS;
809;TIENDA VILLA RICA;SAHAGUN;;1;101014.0;;;8.964.762;-75.068.768;;
810;LLANERA Y RESTAURANTE CORRALEJA;SAHAGUN;;1;101014.0;;;8.962.461;-75.063.787;;
811;VARIEDADES MAYE;SAHAGUN;;1;101014.0;;;8.937.926;-75.033.055;;
812;TIENDA LOS GEMELOS # 2;SAHAGUN;;1;101014.0;;;8.929.208;-75.029.332;;
813;DEPOSITO LA KOLMENA;SAHAGUN;;1;101014.0;;;8.962.776.999.999.990;-75.044.857;;
814;DEPOSITO JHON GOMEZ;SAHAGUN;;1;101014.0;CENTRO;;8.948.986;-754.444.862;DEPOSITO JHON GOMEZ;
815;POLLO CENTRAL;SAHAGUN;;1;101014.0;CENTRO;;89.490.211;-754.445.945;POLLO CENTRAL;
816;GRANERO LA OCTAVA;SAHAGUN;;1;101014.0;;;8.952.761;-7.505.724;;
817;DEPOSITO ANTIOQUIA;SAHAGUN;;1;101014.0;;;895.287;-75.043.231;;
818;DEPOSITO ANTIOQUIA # 2;SAHAGUN;;1;101014.0;;;8.960.162;-75.064.881;;
819;DEPOSITO Y MERCADO ANTIOQUIA # 4;SAHAGUN;;1;101014.0;;;8.959.221;-75.043.167;;
820;TIENDA DIANA;SAHAGUN;;1;101014.0;CENTRO;Miércoles;89.484.491;-754.455.034;TIENDA DIANA;
821;PANADERIA RICKY PAN;SAHAGUN;;1;101014.0;;;896.932;-75.053.136;;
822;PANADERIA MEKATO;SAHAGUN;;1;101014.0;;;8.952.801;-75.023.629;;
823;ABASTOS LOS PAISITAS;SAHAGUN;;1;101014.0;;;8.926.295;-75.023.369;;
824;PROVEEDORA LA ESTACION;SAHAGUN;;1;101014.0;;;8.955.564;-75.066.838;;
825;TIENDA LA VIRGEN;SAHAGUN;;1;101014.0;GALILLO LARGO;Jueves;89.668.349;-754.518.354;TIENDA LA VIRGEN;
826;TIENDA LUIS;SAHAGUN;;1;101014.0;;;8.936.218;-75.034.821;;
827;TIENDA LA BENDICION;SAHAGUN;;1;101014.0;MIRAFLORES;Miércoles;89.511.477;-754.555.439;TIENDA LA BENDICION;
827;TIENDA LA BENDICION;SAHAGUN;;1;101014.0;MIRAFLORES;Miércoles;89.511.477;-754.555.439;TIENDA LA BENDICION;
827;TIENDA LA BENDICION;SAHAGUN;;1;101014.0;MIRAFLORES;Jueves;89.511.477;-754.555.439;TIENDA LA BENDICION;
827;TIENDA LA BENDICION;SAHAGUN;;1;101014.0;MIRAFLORES;Jueves;89.511.477;-754.555.439;TIENDA LA BENDICION;
828;TENNOCEL TIENDA;SAHAGUN;;1;101014.0;;;8.924.538;-75.041.121;;
829;TIENDA MARCELA;SAHAGUN;;1;101014.0;;;8.938.464;-75.039.184;;
830;TIENDA SALOCELL;SAHAGUN;;1;101014.0;;;8.923.456.999.999.990;-75.026.653;;
831;TIENDA LA BENDICION;SAHAGUN;;1;101014.0;MIRAFLORES;Miércoles;89.511.477;-754.555.439;TIENDA LA BENDICION;
831;TIENDA LA BENDICION;SAHAGUN;;1;101014.0;MIRAFLORES;Miércoles;89.511.477;-754.555.439;TIENDA LA BENDICION;
831;TIENDA LA BENDICION;SAHAGUN;;1;101014.0;MIRAFLORES;Jueves;89.511.477;-754.555.439;TIENDA LA BENDICION;
831;TIENDA LA BENDICION;SAHAGUN;;1;101014.0;MIRAFLORES;Jueves;89.511.477;-754.555.439;TIENDA LA BENDICION;
832;TIENDA LOS LAURELES;SAHAGUN;;1;101014.0;NUEVA ESPERANZA;Jueves;89.612.906;-754.503.528;TIENDA LOS LAURELES;
833;TIENDA JJ;SAHAGUN;;1;101014.0;;;8.969.844;-75.021.786;;
834;TIENDA EL LIDER;SAHAGUN;;1;101014.0;;;8.958.653;-75.063.726;;
835;TIENDA NUEVA ESPERANZA;SAHAGUN;;1;101014.0;;;8.959.083;-75.069.001;;
836;TIENDA DANIELA;SAHAGUN;;1;101014.0;EL PRADO;Miércoles;89.440.183;-754.409.886;TIENDA DANIELA;
837;TIENDA LA PARADA;SAHAGUN;;1;101014.0;;;8.922.276;-75.054.049;;
838;TIENDA PUNTO FIJO;SAHAGUN;;1;101014.0;;;8.945.602;-7.503.171;;
839;TIENDA SATELITE;SAHAGUN;;1;101014.0;NUEVA ESPERANZA;Jueves;89.579.457;-754.504.454;TIENDA SATELITE;
840;TIENDA EL MENUDEO;SAHAGUN;;1;101014.0;SIMON BOLIVAR;Jueves;89.579.818;-754.473.863;TIENDA EL MENUDEO;
841;TIENDA LUZ;SAHAGUN;;1;101014.0;;;8.955.335;-75.047.935;;
842;TIENDA LA MEJOR ESQUINA;SAHAGUN;;1;101014.0;;;8.934.851;-75.020.374;;
843;TIENDA LA AMISTAD;SAHAGUN;;1;101014.0;MIRAMAR;Miércoles;89.447.774;-754.361.804;TIENDA LA AMISTAD;
843;TIENDA LA AMISTAD;SAHAGUN;;1;101014.0;MIRAMAR;Jueves;89.447.774;-754.361.804;TIENDA LA AMISTAD;
844;TIENDA LA ECONOMIA;SAHAGUN;;1;101014.0;SAN PEDRO;Jueves;89.500.567;-754.477.598;TIENDA LA ECONOMIA;
845;TIENDA MILET;SAHAGUN;;1;101014.0;NUEVA ESPERANZA;Jueves;89.591.919;-754.479.006;TIENDA MILET;
846;TIENDA EL PARAISO;SAHAGUN;;1;101014.0;NUEVA ESPERANZA;Jueves;89.590.863;-754.470.386;TIENDA EL PARAISO;
846;TIENDA EL PARAISO;SAHAGUN;;1;101014.0;NUEVA ESPERANZA;Jueves;89.590.863;-754.470.386;TIENDA EL PARAISO;
847;TIENDA LA FE;SAHAGUN;;1;101014.0;NUEVA GRANADA;Miércoles;89.527.218;-754.510.194;TIENDA LA FE;
847;TIENDA LA FE;SAHAGUN;;1;101014.0;NUEVA GRANADA;Jueves;89.527.218;-754.510.194;TIENDA LA FE;
848;TIENDA EL GANGAZO # 4;SAHAGUN;;1;101014.0;;;8.942.479;-75.047.661;;
849;TIENDA MARIO;SAHAGUN;;1;101014.0;SIMON BOLIVAR;Jueves;89.591.548;-754.463.527;TIENDA MARIO;
850;TIENDA ADRIANA;SAHAGUN;;1;101014.0;SIMON BOLIVAR;Jueves;89.589.965;-754.459.979;TIENDA ADRIANA;
851;TIENDA SAN MARTIN;SAHAGUN;;1;101014.0;;;8.929.351;-7.503.049;;
852;TIENDA LA VOLUNTAD DE DIOS;SAHAGUN;;1;101014.0;;;8.955.854;-75.059.192;;
853;TIENDA ANDRES;SAHAGUN;;1;101014.0;;;8.925.289;-75.036.205;;
854;TIENDA LAS PALMERAS;SAHAGUN;;1;101014.0;;;8.953.896;-75.056.567;;
855;TIENDA LEDYS;SAHAGUN;;1;101014.0;;;8.968.713;-75.062.677;;
856;TIENDA KELLY;SAHAGUN;;1;101014.0;;;8.942.787;-75.023.049;;
857;TIENDA EL NEGRO;SAHAGUN;;1;101014.0;SAN JOSE;Jueves;89.569.653;-754.454.793;TIENDA EL NEGRO;
858;TIENDA J y L;SAHAGUN;;1;101014.0;SAN JOSE;Jueves;89.571.932;-754.463.285;TIENDA J y L;
859;TIENDA VILMA;SAHAGUN;;1;101014.0;;;8.942.156;-75.038.304;;
860;TIENDA EL ESTUDIANTE;SAHAGUN;;1;101014.0;SIMON BOLIVAR;Jueves;89.568.912;-75.447.503;TIENDA EL ESTUDIANTE;
861;TIENDA Y VARIEDADES SAN JOSE;SAHAGUN;;1;101014.0;;;894.105;-75.056.519;;
862;TIENDA ESTHER;SAHAGUN;;1;101014.0;SAN JOSE;Jueves;89.563.705;-754.480.233;TIENDA ESTHER;
863;TIENDA PUNTO AZUL;SAHAGUN;;1;101014.0;;;8.970.369;-75.049.763;;
864;TIENDA DONDE SANDRA;SAHAGUN;;1;101014.0;;;8.965.875;-75.058.732;;
865;TIENDA DONDE EL MONO;SAHAGUN;;1;101014.0;;;8.931.825;-75.068.673;;
866;EL GANGAZO PAISA;SAHAGUN;;1;101014.0;;;8.953.753;-75.051.804;;
867;PANADERIA EL BUEN SABOR;SAHAGUN;;1;101014.0;;;8.964.388;-7.504.657;;
868;TIENDA 5 ESQUINAS;SAHAGUN;;1;101014.0;SAN ISIDRO;Jueves;89.528.347;-754.454.052;TIENDA 5 ESQUINAS;
869;TIENDA EL CHATO;SAHAGUN;;1;101014.0;SAN JOSE;Jueves;89.544.463;-754.475.643;TIENDA EL CHATO;
870;TIENDA SAN JOSE;SAHAGUN;;1;101014.0;SAN JOSE;Jueves;89.567.246;-754.476.133;TIENDA SAN JOSE;
870;TIENDA SAN JOSE;SAHAGUN;;1;101014.0;SAN JOSE;Jueves;89.567.246;-754.476.133;TIENDA SAN JOSE;
871;TIENDA CASA VERDE;SAHAGUN;;1;101014.0;;;896.958;-75.060.954;;
872;TIENDA LUDIS;SAHAGUN;;1;101014.0;;;8.964.601;-750.314;;
873;TIENDA ESQUINA BLANCA;SAHAGUN;;1;101014.0;;;8.959.716;-75.027.991;;
874;TIENDA S Y F;SAHAGUN;;1;101014.0;;;8.959.221;-75.038.919;;
875;TIENDA LA AMISTAD;SAHAGUN;;1;101014.0;MIRAMAR;Miércoles;89.447.774;-754.361.804;TIENDA LA AMISTAD;
875;TIENDA LA AMISTAD;SAHAGUN;;1;101014.0;MIRAMAR;Jueves;89.447.774;-754.361.804;TIENDA LA AMISTAD;
876;TIENDA EL ESQUINAZO DEL DUQUE;SAHAGUN;;1;101014.0;;;8.927.732;-75.068.604;;
877;TIENDA EL ARCOIRIS;SAHAGUN;;1;101014.0;;;8.967.212;-75.039.397;;
878;TIENDA BERAKA;SAHAGUN;;1;101014.0;;;8.960.997;-75.046.154;;
879;TIENDA CASABLANCA;SAHAGUN;;1;101014.0;;;8.927.035;-75.063.971;;
880;TIENDA LUZ;SAHAGUN;;1;101014.0;;;8.955.448;-75.048.715;;
881;TIENDA EL POZO;SAHAGUN;;1;101014.0;BERNARDO DUQUE;Jueves;89.603.732;-754.427.826;TIENDA EL POZO;
882;TIENDA LA FE;SAHAGUN;;1;101014.0;NUEVA GRANADA;Miércoles;89.527.218;-754.510.194;TIENDA LA FE;
882;TIENDA LA FE;SAHAGUN;;1;101014.0;NUEVA GRANADA;Jueves;89.527.218;-754.510.194;TIENDA LA FE;
883;TIENDA LOS ALMENDROS;SAHAGUN;;1;101014.0;;;8.931.196;-7.504.565;;
884;TIENDA LA BENDICION;SAHAGUN;;1;101014.0;MIRAFLORES;Miércoles;89.511.477;-754.555.439;TIENDA LA BENDICION;
884;TIENDA LA BENDICION;SAHAGUN;;1;101014.0;MIRAFLORES;Miércoles;89.511.477;-754.555.439;TIENDA LA BENDICION;
884;TIENDA LA BENDICION;SAHAGUN;;1;101014.0;MIRAFLORES;Jueves;89.511.477;-754.555.439;TIENDA LA BENDICION;
884;TIENDA LA BENDICION;SAHAGUN;;1;101014.0;MIRAFLORES;Jueves;89.511.477;-754.555.439;TIENDA LA BENDICION;
885;TIENDA LA NUEVA;SAHAGUN;;1;101014.0;VENECIA;;89.343.054;-754.468.475;TIENDA LA NUEVA;
886;TIENDA EL CHESPI;SAHAGUN;;1;101014.0;;;893.462;-75.030.352;;
887;TIENDA EL GALLITO;SAHAGUN;;1;101014.0;SAN ISIDRO;Jueves;89.526.625;-754.436.302;TIENDA EL GALLITO;
888;SALSAMENTARIA PLASTIPAISA;SAHAGUN;;1;101014.0;;;8.936.688;-75.047.469;;
889;TIENDA LA BENDICION DE DIOS;SAHAGUN;;1;101014.0;LAS AMERICAS;;89.490.625;-75.454.401;TIENDA LA BENDICION DE DIOS;
890;TIENDA MI TIENDECITA;SAHAGUN;;1;101014.0;;;8.940.795;-75.046.233;;
891;TIENDA EL PROGRESO;SAHAGUN;;1;101014.0;;;8.951.171;-75.055.647;;
892;TIENDA LA TRONCAL JS;SAHAGUN;;1;101014.0;EL BOSQUE;;89.413.992;-754.474.141;TIENDA LA TRONCAL JS;
893;TIENDA MARIA;SAHAGUN;;1;101014.0;SAN PEDRO;;89.482.004;-754.483.053;TIENDA MARIA;
894;TIENDA CENTRAL 18;SAHAGUN;;1;101014.0;EL BOSQUE;;89.409.789;-754.480.609;TIENDA CENTRAL 18;
895;TIENDA PUNTO BLANCO;SAHAGUN;;1;101014.0;EL BOSQUE;;89.405.659;-754.491.941;TIENDA PUNTO BLANCO;
896;TIENDA MILENIO HS;SAHAGUN;;1;101014.0;EL BOSQUE;;89.398.154;-754.489.252;TIENDA MILENIO HS;
897;TIENDA MIRELLA;SAHAGUN;;1;101014.0;;;8.952.078;-75.035.107;;
898;TIENDA JHOANA;SAHAGUN;;1;101014.0;;;8.949.152;-75.069.741;;
899;TIENDA EL AMIGO;SAHAGUN;;1;101014.0;EL BOSQUE;;89.404.026;-754.473.122;TIENDA EL AMIGO;
900;TIENDA EL PAISAJE;SAHAGUN;;1;101014.0;EL BOSQUE;;89.391.639;-75.447.682;TIENDA EL PAISAJE;
901;TIENDA LA BENDICION;SAHAGUN;;1;101014.0;MIRAFLORES;Miércoles;89.511.477;-754.555.439;TIENDA LA BENDICION;
901;TIENDA LA BENDICION;SAHAGUN;;1;101014.0;MIRAFLORES;Miércoles;89.511.477;-754.555.439;TIENDA LA BENDICION;
901;TIENDA LA BENDICION;SAHAGUN;;1;101014.0;MIRAFLORES;Jueves;89.511.477;-754.555.439;TIENDA LA BENDICION;
901;TIENDA LA BENDICION;SAHAGUN;;1;101014.0;MIRAFLORES;Jueves;89.511.477;-754.555.439;TIENDA LA BENDICION;
902;TIENDA LA LUZ;SAHAGUN;;1;101014.0;;;892.283;-75.066.301;;
903;TIENDA EL PAISA Y LA COSTEÑA;SAHAGUN;;1;101014.0;;;8.941.016;-75.063.594;;
904;TIENDA LA MANO DE DIOS;SAHAGUN;;1;101014.0;;;8.949.547;-75.035.757;;
905;TIENDA JOSÉ;SAHAGUN;;1;101014.0;;;8.961.199;-75.060.222;;
906;TIENDA DONDE DARIO;SAHAGUN;;1;101014.0;;;8.929.544;-75.065.002;;
907;TIENDA LAZ;SAHAGUN;;1;101014.0;;;8.952.992;-75.034.906;;
908;TIENDA JUNIOR;SAHAGUN;;1;101014.0;;;8.922.749;-75.023.419;;
909;TIENDA LA COSTEÑA;SAHAGUN;;1;101014.0;VENECIA;;89.338.636;-754.487.204;TIENDA LA COSTEÑA;
910;TIENDA LA NUEVA;SAHAGUN;;1;101014.0;VENECIA;;89.343.054;-754.468.475;TIENDA LA NUEVA;
911;TIENDA LA MANO DE DIOS;SAHAGUN;;1;101014.0;;;8.956.874;-75.030.144;;
912;TIENDA EL PALMA;SAHAGUN;;1;101014.0;VENECIA;;89.345.717;-754.465.511;TIENDA EL PALMA;
913;TIENDA ROSADA;SAHAGUN;;1;101014.0;VENECIA;;89.351.321;-754.462.447;TIENDA ROSADA;
914;TIENDA VENECIA;SAHAGUN;;1;101014.0;VENECIA;;89.338.259;-754.444.677;TIENDA VENECIA;
915;TIENDA Y CARNICERÍA A Y E;SAHAGUN;;1;101014.0;;;8.943.786;-75.038.051;;
916;TIENDA LA ECONOMÍA;SAHAGUN;;1;101014.0;;;894.749;-75.033.651;;
917;TIENDA EL BUEN PASTOR;SAHAGUN;;1;101014.0;;;8.925.251;-75.067.212;;
918;TIENDA KIOSCO ROJO;SAHAGUN;;1;101014.0;;;8.933.525;-75.062.253;;
919;TIENDA LA PRINCIPAL;SAHAGUN;;1;101014.0;;;8.964.759;-75.059.269;;
920;TIENDA EMMANUEL;SAHAGUN;;1;101014.0;;;8.969.963;-75.053.385;;
921;TIENDA EL MESON DE AMY;SAHAGUN;;1;101014.0;;;8.930.276;-75.030.745;;
922;MI KIOSCO;SAHAGUN;;1;101014.0;;;8.954.105;-7.504.532;;
923;TIENDA DONDE LIGIA;SAHAGUN;;1;101014.0;;;8.948.938;-7.503.427;;
924;RESTAURANTE LA BONGA;SAHAGUN;;1;101014.0;;;8.932.593;-75.020.413;;
925;RESTAURANTE EL PAISA No 1;SAHAGUN;;1;101014.0;;;896.991;-75.037.714;;
926;TIENDA MERCA YA;SAHAGUN;;1;101014.0;SAN RAFAEL;;89.358.095;-754.425.547;TIENDA MERCA YA;
927;TIENDA EL ESQUINAZO;SAHAGUN;;1;101014.0;;;892.478;-75.068.697;;
928;TIENDA LA ECONOMIA;SAHAGUN;;1;101014.0;SAN PEDRO;Jueves;89.500.567;-754.477.598;TIENDA LA ECONOMIA;
929;DELITORTA SAN RAFAEL;SAHAGUN;;1;101014.0;;;8.934.054;-75.047.099;;
930;TIENDA LA FE;SAHAGUN;;1;101014.0;NUEVA GRANADA;Miércoles;89.527.218;-754.510.194;TIENDA LA FE;
930;TIENDA LA FE;SAHAGUN;;1;101014.0;NUEVA GRANADA;Jueves;89.527.218;-754.510.194;TIENDA LA FE;
931;TIENDA LA MEJOR ESQUINA;SAHAGUN;;1;101014.0;;;8.964.584;-75.033.872;;
932;TIENDA LA AMISTAD;SAHAGUN;;1;101014.0;MIRAMAR;Miércoles;89.447.774;-754.361.804;TIENDA LA AMISTAD;
932;TIENDA LA AMISTAD;SAHAGUN;;1;101014.0;MIRAMAR;Jueves;89.447.774;-754.361.804;TIENDA LA AMISTAD;
933;SUPERTIENDA A.R;SAHAGUN;;1;101014.0;;;8.958.305;-75.048.955;;
934;TIENDA YADY;SAHAGUN;;1;101014.0;SAN RAFAEL;;89.382.279;-754.406.241;TIENDA YADY;
935;TIENDA LOS ANGELES;SAHAGUN;;1;101014.0;;;8.970.552;-75.068.225;;
936;TIENDA MATY;SAHAGUN;;1;101014.0;;;8.964.522;-75.041.296;;
937;TIENDA MISCELÁNEA LA FE;SAHAGUN;;1;101014.0;;;8.943.101;-75.033.967;;
938;TIENDA SAN RAFAEL # 2;SAHAGUN;;1;101014.0;;;8.945.503;-75.026.559;;
939;TIENDA GUADALUPE;SAHAGUN;;1;101014.0;;;8.966.205;-75.049.144;;
940;TIENDA Y ESTADERO DOÑA EMY;SAHAGUN;;1;101014.0;;;8.935.011;-75.040.612;;
941;TIENDA BELEN;SAHAGUN;;1;101014.0;LA CRUZ;;89.399.667;-75.442.958;TIENDA BELEN;
942;TIENDA AURA;SAHAGUN;;1;101014.0;;;8.952.318;-75.038.652;;
943;TIENDA LA BENDICION;SAHAGUN;;1;101014.0;MIRAFLORES;Miércoles;89.511.477;-754.555.439;TIENDA LA BENDICION;
943;TIENDA LA BENDICION;SAHAGUN;;1;101014.0;MIRAFLORES;Miércoles;89.511.477;-754.555.439;TIENDA LA BENDICION;
943;TIENDA LA BENDICION;SAHAGUN;;1;101014.0;MIRAFLORES;Jueves;89.511.477;-754.555.439;TIENDA LA BENDICION;
943;TIENDA LA BENDICION;SAHAGUN;;1;101014.0;MIRAFLORES;Jueves;89.511.477;-754.555.439;TIENDA LA BENDICION;
944;MINI TIENDA EL VECINO;SAHAGUN;;1;101014.0;;;8.957.826;-75.063.652;;
945;TIENDA FLAMENCO;SAHAGUN;;1;101014.0;;;8.956.961;-75.024.778;;
946;TIENDA KAREN;SAHAGUN;;1;101014.0;;;8.930.154;-75.058.353;;
947;TIENDA LA ESCARLATA;SAHAGUN;;1;101014.0;;;896.974;-75.061.181;;
948;TIENDA MARY;SAHAGUN;;1;101014.0;;;8.963.889;-75.045.616;;
949;TIENDA LOZANO;SAHAGUN;;1;101014.0;EL PRADO;;89.420.414;-754.411.726;TIENDA LOZANO;
950;TIENDA CAROLINA;SAHAGUN;;1;101014.0;LAS ALPUJARRAS;Miércoles;8.937.020.799.999.990;-754.260.777;TIENDA CAROLINA;
951;TIENDA EL MOLINO;SAHAGUN;;1;101014.0;;;8.943.435;-75.044.489;;
952;PANADERIA PAN PRIMO;SAHAGUN;;1;101014.0;BOSQUE CENTRO;;89.478.804;-754.458.233;PANADERIA PAN PRIMO;
953;TIENDA DONDE PELLO;SAHAGUN;;1;101014.0;;;8.929.346;-75.050.676;;
954;TIENDA EL JUNIOR;SAHAGUN;;1;101014.0;;;8.969.641;-75.057.323;;
955;SUPER TIENDA Y HELADERIA ESCARCHA;SAHAGUN;;1;101014.0;;;8.954.007;-7.505.397;;
956;TIENDA LA CRUZ;SAHAGUN;;1;101014.0;LA CRUZ;;89.399.555;-754.436.772;TIENDA LA CRUZ;
957;TIENDA EL MANE;SAHAGUN;;1;101014.0;;;8.969.661;-75.047.541;;
958;RESTAURANTE LA CUCHARA LIBIA;SAHAGUN;;1;101014.0;;;8.932.973;-75.066.555;;
959;KIOSCO AZUL;SAHAGUN;;1;101014.0;;;8.929.658;-75.044.241;;
960;TIENDA J Y H;SAHAGUN;;1;101014.0;;;893.802;-75.028.786;;
961;RESTAURANTE EL VIEJO BAUL;SAHAGUN;;1;101014.0;;;8.942.714;-75.057.794;;
962;TIENDA LA BENDICIÓN;SAHAGUN;;1;101014.0;;;8.952.027;-75.034.891;;
963;TIENDA J.J;SAHAGUN;;1;101014.0;;;8.929.522;-75.061.849;;
964;TIENDA EL POBRE DANI;SAHAGUN;;1;101014.0;;;8.923.004;-7.503.341;;
965;TIENDA DIOS ES AMOR;SAHAGUN;;1;101014.0;EL TRIUNFO;;89.264.604;-754.473.038;TIENDA DIOS ES AMOR;
966;TIENDA EL FLACO;SAHAGUN;;1;101014.0;EL TRIUNFO;;89.273.692;-754.472.341;TIENDA EL FLACO;
967;TIENDA ROSARIO;SAHAGUN;;1;101014.0;EL TRIUNFO;;89.272.483;-754.467.828;TIENDA ROSARIO;
968;TIENDA DEYANIRA;SAHAGUN;;1;101014.0;;;8.931.462;-75.064.634;;
969;TIENDA LA AMERICANA;SAHAGUN;;1;101014.0;;;8.934.657;-75.067.376;;
970;TIENDA LA BENDICIÓN;SAHAGUN;;1;101014.0;;;8.947.728;-750.234;;
971;SUPERTIENDA LA BENDICIÓN;SAHAGUN;;1;101014.0;;;8.923.137;-75.064.125;;
972;VARIEDADES MARTA;SAHAGUN;;1;101014.0;RANCHERIA;;89.039.857;-754.519.407;VARIEDADES MARTA;
973;TIENDA LOS VECINOS;SAHAGUN;;1;101014.0;RANCHERIA;;89.038.251;-754.521.506;TIENDA LOS VECINOS;
974;TIENDA EYLI;SAHAGUN;;1;101014.0;;;8.923.249;-75.062.813;;
975;TIENDA NIÑA VALE;SAHAGUN;;1;101014.0;;;8.970.502;-75.021.974;;
976;TIENDA RUBIELA;SAHAGUN;;1;101014.0;;;8.921.417;-75.022.639;;
977;TIENDA J. ALEJANDRO;SAHAGUN;;1;101014.0;;;8.953.126;-75.026.834;;
978;TIENDA LOS PIMIENTO;SAHAGUN;;1;101014.0;;;8.943.907;-7.504.445;;
979;TIENDA LOS TOTUMOS;SAHAGUN;;1;101014.0;RANCHERIA;;89.067.055;-754.503.609;TIENDA LOS TOTUMOS;
980;TIENDA EL CAMPITO;SAHAGUN;;1;101014.0;;;8.928.153;-75.068.731;;
981;TIENDA MERCAECONOMIA # 2;SAHAGUN;;1;101014.0;;;8.936.566;-75.034.996;;
982;SAI BLANCA;SAHAGUN;;1;101014.0;RANCHERIA;;89.070.278;-754.480.284;SAI BLANCA;
983;KIOSCO EL OLIVO;SAHAGUN;;1;101014.0;;;8.969.666;-75.065.535;;
984;TIENDA MERCAECONOMIA LAZ;SAHAGUN;;1;101014.0;;;89.548;-75.048.042;;
985;TIENDA LA PANTERA;SAHAGUN;;1;101014.0;;;8.964.577;-75.061.373;;
986;TIENDA RODRIGO;SAHAGUN;;1;101014.0;BRISAS;;89.100.589;-754.450.934;TIENDA RODRIGO;
987;TIENDA LA 10;SAHAGUN;;1;101014.0;;;8.968.401;-75.036.068;;
988;TIENDA EL PEYO;SAHAGUN;;1;101014.0;;;8.946.029;-75.039.338;;
989;TIENDA DAMARIS;SAHAGUN;;1;101014.0;;;8.964.615;-750.417;;
990;TIENDA SAN JOSE;SAHAGUN;;1;101014.0;SAN JOSE;Jueves;89.567.246;-754.476.133;TIENDA SAN JOSE;
990;TIENDA SAN JOSE;SAHAGUN;;1;101014.0;SAN JOSE;Jueves;89.567.246;-754.476.133;TIENDA SAN JOSE;
991;TIENDA DON FIDEL;SAHAGUN;;1;101014.0;BRISAS;;89.167.106;-754.439.591;TIENDA DON FIDEL;
992;TIENDA K Y E;SAHAGUN;;1;101014.0;BRISAS;;89.179.659;-754.439.528;TIENDA K y E;
993;TIENDA E Y E;SAHAGUN;;1;101014.0;;;8.931.954;-75.037.286;;
994;TIENDA JUNIOR;SAHAGUN;;1;101014.0;;;8.940.863;-75.037.668;;
995;TIENDA DONDE JOSE;SAHAGUN;;1;101014.0;;;89.265;-75.037.338;;
996;TIENDA DONDE JESUS;SAHAGUN;;1;101014.0;;;8.971.141;-75.067.819;;
997;TIENDA EL ENTABLE;SAHAGUN;;1;101014.0;;;8.970.029;-75.049.885;;
998;TIENDA SANTA LUCÍA 2;SAHAGUN;;1;101014.0;;;8.964.708;-75.031.111;;
999;TIENDA TAURO;SAHAGUN;;1;101014.0;;;8.949.521;-75.033.308;;
NEW-1;;SAHAGUN;;1;;;;;;;
NEW-2;;SAHAGUN;;1;;LAS AMERICAS;;89.491.151;-754.544.328;;TIENDA LA GRACIA DE DIOS
NEW-3;;SAHAGUN;;1;;LAS AMERICAS;;89.492.648;-75.454.579;;LOS OLIVOS
NEW-4;;SAHAGUN;;1;;LAS AMERICAS;;89.509.778;-754.568.284;;EL OFERTON
NEW-5;;SAHAGUN;;1;;;;;;;
NEW-6;;SAHAGUN;;1;;;;;;;
NEW-7;;SAHAGUN;;1;;MIRAFLORES;;89.520.551;-754.572.294;;TIENDA DONDE INGRITH
NEW-8;;SAHAGUN;;1;;MIRAFLORES;;89.528.159;-754.564.113;;TIENDA ANGELA
NEW-9;;SAHAGUN;;1;;;;;;;
NEW-10;;SAHAGUN;;1;;MIRAFLORES;;89.515.895;-754.561.756;;TIENDA MIRAFLORES #2
NEW-11;;SAHAGUN;;1;;;;;;;
NEW-12;;SAHAGUN;;1;;;;;;;
NEW-13;;SAHAGUN;;1;;LAS AMERICAS;;89.508.555;-754.538.957;;TIENDA EL ALMENDRO
NEW-14;;SAHAGUN;;1;;;;;;;
NEW-15;;SAHAGUN;;1;;LAS AMERICAS;;89.511.122;-754.539.369;;TIENDA Y VARIEDADES LEDYS
NEW-16;;SAHAGUN;;1;;;;;;;
NEW-17;;SAHAGUN;;1;;LAS AMERICAS;;8.952.332;-754.542.618;;TIENDA EVERMARY
NEW-18;;SAHAGUN;;1;;LAS AMERICAS;;89.537.028;-754.565.601;;DONDE ENITH
NEW-19;;SAHAGUN;;1;;LAS AMERICAS;;89.547.527;-754.586.342;;TIENDA NUEVA VIDA
NEW-20;;SAHAGUN;;1;;;;;;;
NEW-21;;SAHAGUN;;1;;;;;;;
NEW-22;;SAHAGUN;;1;;;;;;;
NEW-23;;SAHAGUN;;1;;ISLAS DE CAPRI;;89.562.682;-754.588.554;;TIENDA J A
NEW-24;;SAHAGUN;;1;;;;;;;
NEW-25;;SAHAGUN;;1;;;;;;;
NEW-26;;SAHAGUN;;1;;ISLAS DE CAPRI;;89.551.104;-754.556.774;;TIENDA CAR Y HEL
NEW-27;;SAHAGUN;;1;;;;;;;
NEW-28;;SAHAGUN;;1;;;;;;;
NEW-29;;SAHAGUN;;1;;EL 16;;89.567.126;-754.549.213;;"TIENDA ""CASA BLANCA"""
NEW-30;;SAHAGUN;;1;;EL 16;;89.580.162;-754.533.214;;SUPERTIENDA LA 16
NEW-31;;SAHAGUN;;1;;EL 16;;89.580.162;-754.533.214;;TIENDA LOLA 1
NEW-32;;SAHAGUN;;1;;EL 16;;89.582.742;-75.454.296;;TIENDA MI HERMANO Y YO
NEW-33;;SAHAGUN;;1;;EL 16;;89.590.697;-754.546.621;;TIENDA MAYERLI
NEW-34;;SAHAGUN;;1;;EL 16;;89.598.867;-754.557.028;;VIVERES Y ABASTOS
NEW-35;;SAHAGUN;;1;;;;;;;
NEW-36;;SAHAGUN;;1;;EL 16;;89.610.661;-75.462.515;;TIENDA MEJOR ESQUINA
NEW-37;;SAHAGUN;;1;;EL 16;;89.604.623;-7.546.326;;TIENDA LA FLACA
NEW-38;;SAHAGUN;;1;;RENACER;;89.614.407;-754.554.759;;LA NUEVA
NEW-39;;SAHAGUN;;1;;;;;;;
NEW-40;;SAHAGUN;;1;;RENACER;;8.962.315;-754.540.452;;QUIEN COMO DIOS
NEW-41;;SAHAGUN;;1;;;;;;;
NEW-42;;SAHAGUN;;1;;;;;;;
NEW-43;;SAHAGUN;;1;;RENACER;;89.600.891;-754.546.601;;TIENDA YOLI
NEW-44;;SAHAGUN;;1;;RENACER;;8.959.334;-75.454.356;;TIENDA ARGELIO
NEW-45;;SAHAGUN;;1;;;;;;;
NEW-46;;SAHAGUN;;1;;;;;;;
NEW-47;;SAHAGUN;;1;;;;;;;
NEW-48;;SAHAGUN;;1;;;;;;;
NEW-49;;SAHAGUN;;1;;;;;;;
NEW-50;;SAHAGUN;;1;;MAMONAL;;89.547.408;-754.533.559;;EL MAMONAL
NEW-51;;SAHAGUN;;1;;;;;;;
NEW-52;;SAHAGUN;;1;;;;;;;
NEW-53;;SAHAGUN;;1;;MAMONAL;;8.954.808;-754.533.569;;TIENDA JR
NEW-54;;SAHAGUN;;1;;MAMONAL;;89.543.417;-754.529.811;;SUPERTIENDA LA BENDICION
NEW-55;;SAHAGUN;;1;;MAMONAL;;89.538.661;-754.525.506;;LA RESERVA
NEW-56;;SAHAGUN;;1;;;;;;;
NEW-57;;SAHAGUN;;1;;MAMONAL;;89.537.813;-754.515.246;;PAN PRIMO
NEW-58;;SAHAGUN;;1;;;;;;;
NEW-59;;SAHAGUN;;1;;;;;;;
NEW-60;;SAHAGUN;;1;;;;;;;
NEW-61;;SAHAGUN;;1;;NUEVA GRANADA;;8.954.288;-754.490.171;;MAKPAN
NEW-62;;SAHAGUN;;1;;;;;;;
NEW-63;;SAHAGUN;;1;;NUEVA GRANADA;;89.536.614;-754.483.744;;MERKEFULL
NEW-64;;SAHAGUN;;1;;;;;;;
NEW-65;;SAHAGUN;;1;;NUEVA GRANADA;;89.511.414;-75.452.167;;TIENDA JOCHE
NEW-66;;SAHAGUN;;1;;;;;;;
NEW-67;;SAHAGUN;;1;;SAN PEDRO;;89.479.112;-754.500.578;;SUPERTIENDA EL ÉXITO
NEW-68;;SAHAGUN;;1;;SAN PEDRO;;89.477.191;-754.497.986;;EL CARRIEL PAISA
NEW-69;;SAHAGUN;;1;;;;;;;
NEW-70;;SAHAGUN;;1;;;;;;;
NEW-71;;SAHAGUN;;1;;SAN PEDRO;;89.493.181;-754.487.606;;RICO PAN
NEW-72;;SAHAGUN;;1;;;;;;;
NEW-73;;SAHAGUN;;1;;;;;;;
NEW-74;;SAHAGUN;;1;;;;;;;
NEW-75;;SAHAGUN;;1;;;;;;;
NEW-76;;SAHAGUN;;1;;;;;;;
NEW-77;;SAHAGUN;;1;;CENTENARIO;;89.484.858;-754.470.554;;DROGUERIA UNIFARMA
NEW-78;;SAHAGUN;;1;;CENTENARIO;;89.483.501;-754.467.456;;DROGUERIA MANANTIAL
NEW-79;;SAHAGUN;;1;;;;;;;
NEW-80;;SAHAGUN;;1;;;;;;;
NEW-81;;SAHAGUN;;1;;;;;;;
NEW-82;;SAHAGUN;;1;;BOSQUE CENTRO;;894.604;-754.466.135;;TIENDA LA CASONA
NEW-83;;SAHAGUN;;1;;SAN PEDRO;;89.466.626;-7.544.859;;TIENDA EL MONO
NEW-84;;SAHAGUN;;1;;;;;;;
NEW-85;;SAHAGUN;;1;;SAN PEDRO;;89.446.665;-754.470.614;;TIENDA BUENAVISTA
NEW-86;;SAHAGUN;;1;;;;;;;
NEW-87;;SAHAGUN;;1;;SAN PEDRO;;89.452.994;-754.481.873;;EL CAMPESINO
NEW-88;;SAHAGUN;;1;;;;;;;
NEW-89;;SAHAGUN;;1;;SAN PEDRO;;89.447.649;-754.488.877;;TIENDA R y V
NEW-90;;SAHAGUN;;1;;CENTRO;;89.484.405;-754.455.245;;DEPOSITO Y MERCADO ANTIOQUIA
NEW-91;;SAHAGUN;;1;;;;;;;
NEW-92;;SAHAGUN;;1;;CENTRO;;89.484.405;-754.455.245;;DEPOSITO Y MERCADO ANTIOQUIA #2
NEW-93;;SAHAGUN;;1;;CENTRO;;89.485.657;-754.451.527;;DEPOSITO Y MERCADO ANTIOQUIA #4
NEW-94;;SAHAGUN;;1;;CENTRO;;89.489.555;-754.443.501;;LA KOLMENA DISTRIPAN
NEW-95;;SAHAGUN;;1;;;;;;;
NEW-96;;SAHAGUN;;1;;;;;;;
NEW-97;;SAHAGUN;;1;;CENTRO;;89.487.488;-754.446.853;;DEPOSITO LA OCTAVA
NEW-98;;SAHAGUN;;1;;CENTRO;;89.472.025;-754.442.354;;RIKYPAN
NEW-99;;SAHAGUN;;1;;CENTRO;;89.474.694;-754.427.914;;PANADERIA LA 11
NEW-100;;SAHAGUN;;1;;CENTRO;;89.474.005;-754.430.837;;PANADERIA OSCAR
NEW-101;;SAHAGUN;;1;;;;;;;
NEW-102;;SAHAGUN;;1;;;;;;;
NEW-103;;SAHAGUN;;1;;PLAYA RICA;;89.510.509;754.416.742;;SUPER POLLO
NEW-104;;SAHAGUN;;1;;;;;;;
NEW-105;;SAHAGUN;;1;;SAN JUAN;;8.947.549;-75.441.227;;TIENDA JISIC
NEW-106;;SAHAGUN;;1;;SAN JUAN;;89.492.536;-754.405.987;;El BARATON
NEW-107;;SAHAGUN;;1;;SAN JUAN;;89.496.772;-754.408.367;;PUNTO AZUL
NEW-108;;SAHAGUN;;1;;SAN JUAN;;89.505.505;-754.404.015;;LA BENDICION HD
NEW-109;;SAHAGUN;;1;;SAN JUAN;;89.503.003;-75.439.452;;TIENDA EL CHAMO
NEW-110;;SAHAGUN;;1;;;;;;;
NEW-111;;SAHAGUN;;1;;;;;;;
NEW-112;;SAHAGUN;;1;;SAN JUAN;;89.516.279;-754.371.037;;TIENDA YULI
NEW-113;;SAHAGUN;;1;;SAN JUAN;;89.500.017;-754.384.743;;TIENDA LA ESQUINITA
NEW-114;;SAHAGUN;;1;;SAN JUAN;;89.495.122;-754.382.091;;TIENDA JP
NEW-115;;SAHAGUN;;1;;;;;;;
NEW-116;;SAHAGUN;;1;;;;;;;
NEW-117;;SAHAGUN;;1;;;;;;;
NEW-118;;SAHAGUN;;1;;SAN ROQUE;;89.470.392;-754.392.237;;BEBIDAS Y ABARROTES
NEW-119;;SAHAGUN;;1;;SAN ROQUE;;89.469.922;-754.391.754;;DROGUERIA JOHOYS
NEW-120;;SAHAGUN;;1;;;;;;;
NEW-121;;SAHAGUN;;1;;;;;;;
NEW-122;;SAHAGUN;;1;;SAN ROQUE;;89.455.743;-754.399.247;;LA SUPER TIENDA
NEW-123;;SAHAGUN;;1;;SAN ROQUE;;8.945.366;-75.438.818;;PANADERIA SAN ROQUE
NEW-124;;SAHAGUN;;1;;SAN ROQUE;;89.452.461;-754.384.398;;TIENDA DA
NEW-125;;SAHAGUN;;1;;SAN ROQUE;;89.447.731;-754.375.074;;FARMA AZUL
NEW-126;;SAHAGUN;;1;;;;;;;
NEW-127;;SAHAGUN;;1;;;;;;;
NEW-128;;SAHAGUN;;1;;MIRAMAR;;8.946.170.799.999.990;-754.367.326;;TIENDA PROVINCIANA
NEW-129;;SAHAGUN;;1;;;;;;;
NEW-130;;SAHAGUN;;1;;MIRAMAR;;89.447.701;-754.365.438;;PANADERIA DULCE PAN
NEW-131;;SAHAGUN;;1;;;;;;;
NEW-132;;SAHAGUN;;1;;;;;;;
NEW-133;;SAHAGUN;;1;;ANDRES RODRIGUEZ;;89.457.048;-754.318.728;;TIENDA MARCATODO
NEW-134;;SAHAGUN;;1;;ANDRES RODRIGUEZ;;89.447.099;-754.319.127;;PUNTO ROJO
NEW-135;;SAHAGUN;;1;;ANDRES RODRIGUEZ;;89.446.652;-754.321.936;;EL DESCANSO
NEW-136;;SAHAGUN;;1;;;;;;;
NEW-137;;SAHAGUN;;1;;;;;;;
NEW-138;;SAHAGUN;;1;;IRLANDA;;89.423.123;-754.303.885;;TIENDA SOBRE LA ROCA
NEW-139;;SAHAGUN;;1;;IRLANDA;;89.429.164;-754.292.915;;TIENDA C y M
NEW-140;;SAHAGUN;;1;;;;;;;
NEW-141;;SAHAGUN;;1;;;;;;;
NEW-142;;SAHAGUN;;1;;LAS ALPUJARRAS;;89.379.901;-75.426.792;;TIENDA AMBAR
NEW-143;;SAHAGUN;;1;;;;;;;
NEW-144;;SAHAGUN;;1;;LAS ALPUJARRAS;;8.937.020.799.999.990;-754.260.777;;TIENDA RJ
NEW-145;;SAHAGUN;;1;;LAS ALPUJARRAS;;89.363.245;-754.257.483;;MINI MERCADO LA BENDICION
NEW-146;;SAHAGUN;;1;;LAS ALPUJARRAS;;89.384.146;-754.278.974;;CASA AZUL
NEW-147;;SAHAGUN;;1;;MIRAMAR;;89.433.705;-754.367.638;;TIENDA URB MIRAMAR
NEW-148;;SAHAGUN;;1;;SAN ROQUE;;89.446.579;-754.395.352;;TIENDA EL JORDAN
NEW-149;;SAHAGUN;;1;;;;;;;
NEW-150;;SAHAGUN;;1;;;;;;;
NEW-151;;SAHAGUN;;1;;EL PRADO;;89.436.812;-754.403.589;;TIENDA EL REDENTOR
NEW-152;;SAHAGUN;;1;;;;;;;
NEW-153;;SAHAGUN;;1;;AVENIDA;;89.567.329;-754.513.614;;TIENDA LA AVENIDA
NEW-154;;SAHAGUN;;1;;AVENIDA;;89.571.114;-754.518.552;;ABARROTES LOS PAISITAS
;;SAHAGUN;;1;;AVENIDA;;8.957.734;-754.530.803;;DEPOSITO ANTIOQUIA #2
;;SAHAGUN;;1;;GALILLO LARGO;;89.653.936;-754.518.726;;TIENDA EL MANGO
;;SAHAGUN;;1;;GALILLO LARGO;;89.641.126;-754.517.774;;TIENDA DAVICOL
;;SAHAGUN;;1;;NUEVA ESPERANZA;;89.621.944;-754.514.271;;TERMOCEL
;;SAHAGUN;;1;;NUEVA ESPERANZA;;89.587.567;-75.450.152;;PUNTO FIJO
;;SAHAGUN;;1;;NUEVA ESPERANZA;;89.582.944;-754.490.449;;LA AMISTAD
;;SAHAGUN;;1;;NUEVA ESPERANZA;;89.582.712;-754.490.744;;MEJOR ESQUINA
;;SAHAGUN;;1;;NUEVA ESPERANZA;;89.591.912;-754.470.628;;TIENDA EL GANGAZO #4
;;SAHAGUN;;1;;ALTOS DEL POBLADO;;89.629.631;-754.444.946;;VARIEDADES MARCE
;;SAHAGUN;;1;;SIMON BOLIVAR;;89.587.809;-754.455.369;;SAN MARTIN
;;SAHAGUN;;1;;SIMON BOLIVAR;;89.585.266;-754.456.653;;TIENDA ANDRE
;;SAHAGUN;;1;;SIMON BOLIVAR;;8.958.563.999.999.990;-754.458.719;;TIENDA LA VOLUNTAD
;;SAHAGUN;;1;;SIMON BOLIVAR;;89.589.753;-754.467.221;;TIENDA EL GAME
;;SAHAGUN;;1;;SIMON BOLIVAR;;89.572.545;-754.486.748;;TIENDA EL MANANTIAL
;;SAHAGUN;;1;;SAN JOSE;;89.557.562;-754.486.459;;TIENDA MONTE SINAI
;;SAHAGUN;;1;;SAN JOSE;;89.554.445;-75.446.404;;TIENDA SANDRA
;;SAHAGUN;;1;;SAN JOSE;;89.535.355;-754.472.914;;CIELO AZUL
;;SAHAGUN;;1;;SAN ISIDRO;;89.528.424;-754.451.312;;EL CHESPI
;;SAHAGUN;;1;;SAN ISIDRO;;89.543.943;-754.446.421;;TIENDA SARA
;;SAHAGUN;;1;;SAN ISIDRO;;89.544.407;-754.452.825;;TIENDA LUDY
;;SAHAGUN;;1;;BERNARDO DUQUE;;89.595.161;-754.430.864;;TIENDA LA ECONOMIA #2
;;SAHAGUN;;1;;BERNARDO DUQUE;;89.594.959;-754.425.402;;TIENDA CASA BLANCA
;;SAHAGUN;;1;;BERNARDO DUQUE;;89.579.112;-754.423.062;;TIENDA ARCOIRIS
;;SAHAGUN;;1;;BERNARDO DUQUE;;89.581.768;-754.428.272;;TIENDA BERACA
;;SAHAGUN;;1;;EL BOSQUE;;89.415.012;-754.481.695;;TIENDA LA POCHITO
;;SAHAGUN;;1;;COSTA NORTE;;89.383.859;-754.486.775;;PUNTO AGUA SANTANA
;;SAHAGUN;;1;;VENECIA;;89.359.797;-754.468.036;;TIENDA TAMALANDIA
;;SAHAGUN;;1;;VENECIA;;89.355.998;-754.470.279;;TIENDA M y A
;;SAHAGUN;;1;;VENECIA;;89.336.987;-754.476.156;;TODO LO PUEDO EN CRISTO
;;SAHAGUN;;1;;VENECIA;;89.343.525;-754.468.348;;TIENDA HNS ARGUMEDO
;;SAHAGUN;;1;;VENECIA;;89.338.285;-754.443.826;;TIENDA Y CARNICERIA A y E
;;SAHAGUN;;1;;VENECIA;;89.332.572;-754.439.853;;TIENDA LIGIA
;;SAHAGUN;;1;;VENECIA;;89.332.572;-754.439.853;;DROGUERIA JACK
;;SAHAGUN;;1;;VENECIA;;89.330.604;-754.454.648;;EL BUEN PASTOR
;;SAHAGUN;;1;;VENECIA;;8.933.694;-754.463.859;;KIOSKO ROJO
;;SAHAGUN;;1;;VENECIA;;89.332.976;-754.468.402;;LOS RECUERDOS DE ELLA
;;SAHAGUN;;1;;VENECIA;;89.314.716;-754.437.995;;MESON DE AMY
;;SAHAGUN;;1;;SAN RAFAEL;;893.489;-754.404.682;;DONDE CALIXO
;;SAHAGUN;;1;;SAN RAFAEL;;89.366.375;-754.415.012;;TIENDA EL JOE
;;SAHAGUN;;1;;SAN RAFAEL;;893.692;-754.425.121;;EL ESQUINAZO
;;SAHAGUN;;1;;SAN RAFAEL;;89.372.654;-754.417.654;;PANADERIA DELI TORTAS
;;SAHAGUN;;1;;SAN RAFAEL;;89.379.974;-754.417.456;;TIENDA AL
;;SAHAGUN;;1;;SAN RAFAEL;;89.388.112;-754.408.719;;TIENDA MATI
;;SAHAGUN;;1;;SAN RAFAEL;;89.383.041;-754.398.094;;TIENDA LUIS ANGEL
;;SAHAGUN;;1;;SAN RAFAEL;;89.380.785;-754.379.272;;TIENDA AV
;;SAHAGUN;;1;;SAN RAFAEL;;89.397.193;-754.402.208;;TIENDA SAN RAFAEL
;;SAHAGUN;;1;;EL PRADO;;89.418.195;-754.401.547;;LA ESCARLATA
;;SAHAGUN;;1;;EL PRADO;;8.942.107;-754.417.782;;GRANITO DE MOSTAZA
;;SAHAGUN;;1;;EL PRADO;;8.943.041.299.999.990;-754.410.989;;EL MOLINO
;;SAHAGUN;;1;;CENTRO;;8.942.787.299.999.990;-754.446.179;;ESCARCHA
;;SAHAGUN;;1;;EL PRADO;;8.942.276;-754.430.244;;TIENDA DONDE NELSON
;;SAHAGUN;;1;;LA CRUZ;;8.940.082;-754.422.858;;DOÑA EMY
;;SAHAGUN;;1;;LA CRUZ;;89.390.794;-754.438.713;;PANADERIA PAISAPAN
;;SAHAGUN;;1;;LA TRONCAL;;89.280.449;-754.436.865;;KIOSKO AZUL
;;SAHAGUN;;1;;EL TRIUNFO;;89.266.982;-754.448.473;;TIENDA LA SIERRA
;;SAHAGUN;;1;;EL TRIUNFO;;89.284.486;-754.470.279;;TIENDA AMERICANA
;;SAHAGUN;;1;;RANCHERIA;;89.043.183;-754.525.455;;SUPER TIENDA LA BENDICION
;;SAHAGUN;;1;;RANCHERIA;;89.058.569;-754.513.912;;TIENDA J ALEJANDRO
;;SAHAGUN;;1;;RANCHERIA;;89.071.341;-754.481.635;;MERCAECONOMIA #2
;;SAHAGUN;;1;;BRISAS;;89.064.706;-754.465.874;;LA PANTERA
;;SAHAGUN;;1;;BRISAS;;890.494;-754.469.307;;MERCAECONOMIA
;;SAHAGUN;;1;;BRISAS;;89.099.804;-754.459.785;;CAFÉ TACUBA
;;SAHAGUN;;1;;BRISAS;;89.170.146;-754.454.484;;TIENDA BRISAS
;;SAHAGUN;;1;;BRISAS;;89.216.243;-75.443.073;;DONDE FREDY
;;SAHAGUN;;1;;LA TRONCAL;;8.926.831;-754.438.096;;DONDE JOSE
;;SAHAGUN;;1;;LA TRONCAL;;89.263.491;-754.438.904;;DONDE JESU
;;SAHAGUN;;1;;SANTA LUCIA;;89.283.529;-75.443.479;;SANTA LUCIA #2
;;SAHAGUN;;1;;SANTA LUCIA;;89.289.647;-75.442.612;;TIENDA EL TAURO
;;SAHAGUN;;1;;SANTA LUCIA;;89.287.891;-754.423.008;;TIENDA ERIKA MARCELA
;;SAHAGUN;;1;;SANTA LUCIA;;89.285.063;-754.418.432;;DONDE MIRIAM
;;SAHAGUN;;1;;SANTA LUCIA;;89.304.571;-754.416.125;;DONDE KATY
;;SAHAGUN;;1;;SANTA LUCIA;;89.317.541;-754.423.354;;TIENDA ÉXITO
NEW-1146;;SAHAGUN;;1;;LAS AMERICAS;;89.490.625;-75.454.401;;TIENDA LA BENDICION DE DIOS
NEW-1147;;SAHAGUN;;1;;;;;;;
NEW-1148;;SAHAGUN;;1;;;;;;;
NEW-1149;;SAHAGUN;;1;;;;;;;
NEW-1150;;SAHAGUN;;1;;MIRAFLORES;;89.516.968;-754.582.399;;TIENDA MIRAFLORES
NEW-1151;;SAHAGUN;;1;;MIRAFLORES;;89.523.707;-754.579.649;;TIENDA NUEVO PODER
NEW-1152;;SAHAGUN;;1;;;;;;;
NEW-1153;;SAHAGUN;;1;;;;;;;
NEW-1154;;SAHAGUN;;1;;MIRAFLORES;;89.526.357;-754.566.453;;TIENDA EL PAISA
NEW-1155;;SAHAGUN;;1;;;;;;;
NEW-1156;;SAHAGUN;;1;;MIRAFLORES;;89.511.477;-754.555.439;;TIENDA LA BENDICION
NEW-1157;;SAHAGUN;;1;;LAS AMERICAS;;89.512.742;-754.553.253;;TIENDA CARPA AZUL
NEW-1158;;SAHAGUN;;1;;;;;;;
NEW-1159;;SAHAGUN;;1;;LAS AMERICAS;;89.505.436;-754.536.687;;TIENDA LAS AMERICAS
NEW-1160;;SAHAGUN;;1;;;;;;;
NEW-1161;;SAHAGUN;;1;;LAS AMERICAS;;89.517.832;-754.544.264;;TIENDA LA VICTORIA
NEW-1162;;SAHAGUN;;1;;;;;;;
NEW-1163;;SAHAGUN;;1;;;;;;;
NEW-1164;;SAHAGUN;;1;;;;;;;
NEW-1165;;SAHAGUN;;1;;ISLAS DE CAPRI;;89.554.323;-754.582.758;;TIENDA SANTANDER
NEW-1166;;SAHAGUN;;1;;ISLAS DE CAPRI;;89.553.044;-75.457.802;;TIENDA FRUVERCAR
NEW-1167;;SAHAGUN;;1;;ISLAS DE CAPRI;;89.556.446;-754.576.696;;TIENDA LA ORIENTAL
NEW-1168;;SAHAGUN;;1;;;;;;;
NEW-1169;;SAHAGUN;;1;;ISLAS DE CAPRI;;8.956.040.699.999.990;-754.577.158;;TIENDA DIM
NEW-1170;;SAHAGUN;;1;;ISLAS DE CAPRI;;89.554.323;-754.570.315;;TIENDA EL ARCA
NEW-1171;;SAHAGUN;;1;;;;;;;
NEW-1172;;SAHAGUN;;1;;BARRIO DE LOS PROFESORES;;89.538.684;-754.555.174;;TIENDA LA COLOMBIANA
NEW-1173;;SAHAGUN;;1;;ISLAS DE CAPRI;;89.562.483;-754.550.692;;DONDE ALEJO
NEW-1174;;SAHAGUN;;1;;;;;;;
NEW-1175;;SAHAGUN;;1;;;;;;;
NEW-1176;;SAHAGUN;;1;;;;;;;
NEW-1177;;SAHAGUN;;1;;;;;;;
NEW-1178;;SAHAGUN;;1;;;;;;;
NEW-1179;;SAHAGUN;;1;;;;;;;
NEW-1180;;SAHAGUN;;1;;EL 16;;89.601.206;-754.560.089;;TIENDA LA DESPENSA
NEW-1181;;SAHAGUN;;1;;;;;;;
NEW-1182;;SAHAGUN;;1;;;;;;;
NEW-1183;;SAHAGUN;;1;;;;;;;
NEW-1184;;SAHAGUN;;1;;RENACER;;89.605.779;-754.551.597;;TIENDA RENACER
NEW-1185;;SAHAGUN;;1;;;;;;;
NEW-1186;;SAHAGUN;;1;;RENACER;;89.607.624;-754.541.492;;TIENDA EL OLIVO
NEW-1187;;SAHAGUN;;1;;RENACER;;89.607.988;-75.454.239;;TIENDA KYCELL
NEW-1188;;SAHAGUN;;1;;;;;;;
NEW-1189;;SAHAGUN;;1;;;;;;;
NEW-1190;;SAHAGUN;;1;;RENACER;;89.598.215;-754.529.328;;TIENDA BARCELONA
NEW-1191;;SAHAGUN;;1;;AVENIDA;;89.570.548;-754.519.796;;PANADERIA DELITORTAS
NEW-1192;;SAHAGUN;;1;;COROCITO;;89.564.421;-754.524.601;;TIENDA EL TOTUMO
NEW-1193;;SAHAGUN;;1;;COROCITO;;89.566.603;-754.516.695;;TIENDA JIRETH
NEW-1194;;SAHAGUN;;1;;COROCITO;;89.558.552;-754.530.961;;SUPERTIENDA LA PRINCIPAL
NEW-1195;;SAHAGUN;;1;;;;;;;
NEW-1196;;SAHAGUN;;1;;MAMONAL;;89.547.408;-754.533.559;;LA BENDICION DE DIOS
NEW-1197;;SAHAGUN;;1;;MAMONAL;;89.542.324;-75.453.887;;TIENDA AFUERA
NEW-1198;;SAHAGUN;;1;;;;;;;
NEW-1199;;SAHAGUN;;1;;;;;;;
NEW-1200;;SAHAGUN;;1;;;;;;;
NEW-1201;;SAHAGUN;;1;;MAMONAL;;89.530.639;-754.528.218;;EL VECI
NEW-1202;;SAHAGUN;;1;;;;;;;
NEW-1203;;SAHAGUN;;1;;MAMONAL;;89.543.135;-754.519.189;;LA 17 CON 1
NEW-1204;;SAHAGUN;;1;;NUEVA GRANADA;;89.523.784;-754.524.202;;TIENDA SAMARA
NEW-1205;;SAHAGUN;;1;;NUEVA GRANADA;;89.527.218;-754.510.194;;TIENDA LA FE
NEW-1206;;SAHAGUN;;1;;;;;;;
NEW-1207;;SAHAGUN;;1;;NUEVA GRANADA;;89.528.851;-754.493.933;;TIENDA ANA
NEW-1208;;SAHAGUN;;1;;;;;;;
NEW-1209;;SAHAGUN;;1;;NUEVA GRANADA;;89.532.093;-754.501.698;;TIENDA EL RETORNO
NEW-1210;;SAHAGUN;;1;;;;;;;
NEW-1211;;SAHAGUN;;1;;SAN PEDRO;;89.498.881;-754.498.995;;TIENDA LA MISMITA
NEW-1212;;SAHAGUN;;1;;;;;;;
NEW-1213;;SAHAGUN;;1;;;;;;;
NEW-1214;;SAHAGUN;;1;;SAN PEDRO;;89.487.369;-754.493.095;;ABASTOS LA BENDICION
NEW-1215;;SAHAGUN;;1;;SAN PEDRO;;89.482.004;-754.483.053;;TIENDA MARIA
NEW-1216;;SAHAGUN;;1;;;;;;;
NEW-1217;;SAHAGUN;;1;;SAN PEDRO;;89.500.567;-754.477.598;;TIENDA LA ECONOMIA
NEW-1218;;SAHAGUN;;1;;SAN PEDRO;;89.516.199;-754.480.438;;VARIEDADES MARY
NEW-1219;;SAHAGUN;;1;;SAN PEDRO;;895.177;-75.448.313;;TIENDA EL BUEN GUSTO
NEW-1220;;SAHAGUN;;1;;CENTENARIO;;8.951.402.999.999.990;-754.461.136;;DESECHABLES CENTENARIO
NEW-1221;;SAHAGUN;;1;;CENTENARIO;;89.484.898;-754.472.023;;DROGUERIA LA 14
NEW-1222;;SAHAGUN;;1;;;;;;;
NEW-1223;;SAHAGUN;;1;;;;;;;
NEW-1224;;SAHAGUN;;1;;BOSQUE CENTRO;;89.483.308;-754.467.151;;CAFETERIA LA 14
NEW-1225;;SAHAGUN;;1;;BOSQUE CENTRO;;89.478.804;-754.458.233;;PANADERIA PAN PRIMO
NEW-1226;;SAHAGUN;;1;;BOSQUE CENTRO;;89.475.386;-754.468.811;;TIENDA KINCAYA
NEW-1227;;SAHAGUN;;1;;;;;;;
NEW-1228;;SAHAGUN;;1;;;;;;;
NEW-1229;;SAHAGUN;;1;;SAN PEDRO;;89.446.665;-754.470.614;;TIENDA LOS BISCOCHOS
NEW-1230;;SAHAGUN;;1;;;;;;;
NEW-1231;;SAHAGUN;;1;;SAN PEDRO;;89.452.994;-754.481.873;;DEPOSITO LA MANO DE DIOS
NEW-1232;;SAHAGUN;;1;;;;;;;
NEW-1233;;SAHAGUN;;1;;SAN PEDRO;;89.447.649;-754.488.877;;LOLO VARIEDADES
NEW-1234;;SAHAGUN;;1;;;;;;;
NEW-1235;;SAHAGUN;;1;;;;;;;
NEW-1236;;SAHAGUN;;1;;CENTRO;;89.484.491;-754.455.034;;TIENDA DIANA
NEW-1237;;SAHAGUN;;1;;;;;;;
NEW-1238;;SAHAGUN;;1;;;;;;;
NEW-1239;;SAHAGUN;;1;;;;;;;
NEW-1240;;SAHAGUN;;1;;CENTRO;;8.948.986;-754.444.862;;DEPOSITO JHON GOMEZ
NEW-1241;;SAHAGUN;;1;;CENTRO;;89.490.211;-754.445.945;;POLLO CENTRAL
NEW-1242;;SAHAGUN;;1;;;;;;;
NEW-1243;;SAHAGUN;;1;;;;;;;
NEW-1244;;SAHAGUN;;1;;;;;;;
NEW-1245;;SAHAGUN;;1;;;;;;;
NEW-1246;;SAHAGUN;;1;;CENTRO;;89.455.064;-754.435.508;;TIENDA ONALPE
NEW-1247;;SAHAGUN;;1;;PLAYA RICA;;8.951.418.199.999.990;754.426.093;;TIENDA CAPRICHO
NEW-1248;;SAHAGUN;;1;;;;;;;
NEW-1249;;SAHAGUN;;1;;PLAYA RICA;;89.496.556;-754.417.775;;TIENDA LILI
NEW-1250;;SAHAGUN;;1;;;;;;;
NEW-1251;;SAHAGUN;;1;;;;;;;
NEW-1252;;SAHAGUN;;1;;;;;;;
NEW-1253;;SAHAGUN;;1;;;;;;;
NEW-1254;;SAHAGUN;;1;;;;;;;
NEW-1255;;SAHAGUN;;1;;SAN JUAN;;89.509.478;-754.383.464;;TIENDA A y L
NEW-1256;;SAHAGUN;;1;;SAN JUAN;;89.499.477;-754.375.169;;TIENDA EL MANA
NEW-1257;;SAHAGUN;;1;;;;;;;
NEW-1258;;SAHAGUN;;1;;;;;;;
NEW-1259;;SAHAGUN;;1;;;;;;;
NEW-1260;;SAHAGUN;;1;;SAN JUAN;;89.487.713;-754.385.649;;TIENDA SAN JUAN
NEW-1261;;SAHAGUN;;1;;SAN NICOLAS;;89.485.667;-754.382.993;;TIENDA LA MEJOR
NEW-1262;;SAHAGUN;;1;;SAN NICOLAS;;89.483.024;-754.379.255;;TIENDA SOFIA
NEW-1263;;SAHAGUN;;1;;;;;;;
NEW-1264;;SAHAGUN;;1;;;;;;;
NEW-1265;;SAHAGUN;;1;;SAN ROQUE;;8.946.857;-75.440.599;;TIENDA PUNTO ROJO
NEW-1266;;SAHAGUN;;1;;SAN ROQUE;;89.456.478;-75.441.284;;TIENDA LA 14
NEW-1267;;SAHAGUN;;1;;;;;;;
NEW-1268;;SAHAGUN;;1;;;;;;;
NEW-1269;;SAHAGUN;;1;;;;;;;
NEW-1270;;SAHAGUN;;1;;;;;;;
NEW-1271;;SAHAGUN;;1;;SAN ROQUE;;89.447.731;-754.375.074;;TIENDA LETICIA
NEW-1272;;SAHAGUN;;1;;SAN ROQUE;;89.447.731;-754.375.074;;PAN ARTE
NEW-1273;;SAHAGUN;;1;;;;;;;
NEW-1274;;SAHAGUN;;1;;MIRAMAR;;89.453.693;-754.365.002;;TIENDA MIRAMAR
NEW-1275;;SAHAGUN;;1;;;;;;;
;;SAHAGUN;;1;;MIRAMAR;;89.447.774;-754.361.804;;TIENDA LA AMISTAD
;;SAHAGUN;;1;;ANDRES RODRIGUEZ;;89.461.148;-754.320.498;;TIENDA SANTI
;;SAHAGUN;;1;;IRLANDA;;89.436.434;-754.319.438;;TIENDA LAS MELLAS
;;SAHAGUN;;1;;IRLANDA;;89.435.285;-754.309.792;;TIENDA DIOS TE BENDIGA
;;SAHAGUN;;1;;IRLANDA;;89.420.311;-75.428.973;;TIENDA LAS DOS MARIAS
;;SAHAGUN;;1;;LAS ALPUJARRAS;;89.387.648;-754.279.109;;TIENDA L y L
;;SAHAGUN;;1;;LAS ALPUJARRAS;;8.937.020.799.999.990;-754.260.777;;TIENDA CAROLINA
;;SAHAGUN;;1;;SAN ROQUE;;89.438.623;-754.393.987;;TIENDA AVI
;;SAHAGUN;;1;;EL PRADO;;89.437.034;-754.403.341;;TIENDA LA MUÑE
;;SAHAGUN;;1;;EL PRADO;;89.440.183;-754.409.886;;TIENDA DANIELA
;;SAHAGUN;;1;;GALILLO LARGO;;89.668.349;-754.518.354;;TIENDA LA VIRGEN
;;SAHAGUN;;1;;NUEVA ESPERANZA;;89.612.906;-754.503.528;;TIENDA LOS LAURELES
;;SAHAGUN;;1;;NUEVA ESPERANZA;;89.579.457;-754.504.454;;TIENDA SATELITE
;;SAHAGUN;;1;;NUEVA ESPERANZA;;89.590.863;-754.470.386;;TIENDA EL PARAISO
;;SAHAGUN;;1;;NUEVA ESPERANZA;;89.591.919;-754.479.006;;TIENDA MILET
;;SAHAGUN;;1;;SIMON BOLIVAR;;89.591.548;-754.463.527;;TIENDA MARIO
;;SAHAGUN;;1;;SIMON BOLIVAR;;89.592.492;-754.465.625;;TIENDA LA 26
;;SAHAGUN;;1;;SIMON BOLIVAR;;89.589.965;-754.459.979;;TIENDA ADRIANA
;;SAHAGUN;;1;;SIMON BOLIVAR;;89.579.818;-754.473.863;;TIENDA EL MENUDEO
;;SAHAGUN;;1;;SIMON BOLIVAR;;89.568.912;-75.447.503;;TIENDA EL ESTUDIANTE
;;SAHAGUN;;1;;SAN JOSE;;89.567.246;-754.476.133;;TIENDA SAN JOSE
;;SAHAGUN;;1;;SAN JOSE;;89.563.705;-754.480.233;;TIENDA ESTHER
;;SAHAGUN;;1;;SAN JOSE;;89.571.932;-754.463.285;;TIENDA J y L
;;SAHAGUN;;1;;SAN JOSE;;89.569.653;-754.454.793;;TIENDA EL NEGRO
;;SAHAGUN;;1;;SAN JOSE;;89.544.463;-754.475.643;;TIENDA EL CHATO
;;SAHAGUN;;1;;AVENIDA;;89.521.313;-754.467.329;;ABASTOS EL PAISA
;;SAHAGUN;;1;;SAN ISIDRO;;89.528.347;-754.454.052;;TIENDA 5 ESQUINAS
;;SAHAGUN;;1;;BERNARDO DUQUE;;89.603.732;-754.427.826;;TIENDA EL POZO
;;SAHAGUN;;1;;SAN ISIDRO;;89.526.625;-754.436.302;;TIENDA EL GALLITO
;;SAHAGUN;;1;;EL BOSQUE;;89.413.992;-754.474.141;;TIENDA LA TRONCAL JS
;;SAHAGUN;;1;;EL BOSQUE;;89.405.659;-754.491.941;;TIENDA PUNTO BLANCO
;;SAHAGUN;;1;;EL BOSQUE;;89.409.789;-754.480.609;;TIENDA CENTRAL 18
;;SAHAGUN;;1;;EL BOSQUE;;89.404.026;-754.473.122;;TIENDA EL AMIGO
;;SAHAGUN;;1;;EL BOSQUE;;89.391.639;-75.447.682;;TIENDA EL PAISAJE
;;SAHAGUN;;1;;EL BOSQUE;;89.398.154;-754.489.252;;TIENDA MILENIO HS
;;SAHAGUN;;1;;VENECIA;;89.380.411;-754.485.903;;COOPERATIVA LA NUEVA
;;SAHAGUN;;1;;VENECIA;;8.934.471;-754.479.757;;TIENDA PUNTO VERDE
;;SAHAGUN;;1;;VENECIA;;89.338.636;-754.487.204;;TIENDA LA COSTEÑA
;;SAHAGUN;;1;;VENECIA;;89.351.321;-754.462.447;;TIENDA ROSADA
;;SAHAGUN;;1;;VENECIA;;89.345.717;-754.465.511;;TIENDA EL PALMA
;;SAHAGUN;;1;;VENECIA;;89.343.054;-754.468.475;;TIENDA LA NUEVA
;;SAHAGUN;;1;;VENECIA;;89.338.259;-754.444.677;;TIENDA VENECIA
;;SAHAGUN;;1;;SAN RAFAEL;;89.358.095;-754.425.547;;TIENDA MERCA YA
;;SAHAGUN;;1;;SAN RAFAEL;;89.376.543;-754.425.526;;TIENDA DONDE REMBE
;;SAHAGUN;;1;;SAN RAFAEL;;89.382.279;-754.406.241;;TIENDA YADY
;;SAHAGUN;;1;;SAN RAFAEL;;89.387.575;-754.403.697;;TIENDA ACUARELA
;;SAHAGUN;;1;;SAN RAFAEL;;89.404.443;-754.408.618;;TIENDA LA 18
;;SAHAGUN;;1;;EL PRADO;;89.419.821;-754.409.514;;TIENDA RANDY
;;SAHAGUN;;1;;EL PRADO;;89.420.414;-754.411.726;;TIENDA LOZANO
;;SAHAGUN;;1;;EL PRADO;;8.943.455;-754.437.818;;TIENDA EL INNOVADOR
;;SAHAGUN;;1;;LA CRUZ;;89.399.555;-754.436.772;;TIENDA LA CRUZ
;;SAHAGUN;;1;;EL PRADO;;89.413.671;-754.422.428;;LA BENDICION
;;SAHAGUN;;1;;LA CRUZ;;89.399.667;-75.442.958;;TIENDA BELEN
;;SAHAGUN;;1;;EL TRIUNFO;;89.264.604;-754.473.038;;TIENDA DIOS ES AMOR
;;SAHAGUN;;1;;EL TRIUNFO;;89.273.692;-754.472.341;;TIENDA EL FLACO
;;SAHAGUN;;1;;EL TRIUNFO;;89.272.483;-754.467.828;;TIENDA ROSARIO
;;SAHAGUN;;1;;RANCHERIA;;89.039.857;-754.519.407;;VARIEDADES MARTA
;;SAHAGUN;;1;;RANCHERIA;;89.038.251;-754.521.506;;TIENDA LOS VECINOS
;;SAHAGUN;;1;;RANCHERIA;;89.067.055;-754.503.609;;TIENDA LOS TOTUMOS
;;SAHAGUN;;1;;RANCHERIA;;89.070.278;-754.480.284;;SAI BLANCA
;;SAHAGUN;;1;;BRISAS;;89.100.589;-754.450.934;;TIENDA RODRIGO
;;SAHAGUN;;1;;BRISAS;;89.104.736;-754.461.679;;TIENDA LA ESPERANZA
;;SAHAGUN;;1;;BRISAS;;89.167.106;-754.439.591;;TIENDA DON FIDEL
;;SAHAGUN;;1;;BRISAS;;89.179.659;-754.439.528;;TIENDA K y E
;;SAHAGUN;;1;;BRISAS;;89.197.144;-754.436.218;;TIENDA M y P
;;SAHAGUN;;1;;LA TRONCAL;;89.242.502;-754.437.855;;ESTANCO LA OFICINA
;;SAHAGUN;;1;;SANTA LUCIA;;89.290.498;-7.544.216;;TIENDA NO HAY COMO DIOS
;;SAHAGUN;;1;;SANTA LUCIA;;89.304.932;-754.426.526;;TIENDA DAVO